Adamów;Lubelskie;48;84
Adamówka;Podkarpackie;48;16
Aleksandrów;Lubelskie;48;84
Aleksandrów £ódzki;£ódzkie;48;42
Alwernia;Ma³opolskie;48;12
Andrespol;£ódzkie;48;42
Andrychów;Ma³opolskie;48;33
Augustów;Podlaskie;48;87
Babice Nowe;Mazowieckie;48;22
Babice Stare;Mazowieckie;48;22
Babimost;Wielkopolskie;48;68
Baby;£ódzkie;48;44
Baækowice;Œwiêtokrzyskie;48;15
Baczyna;Lubuskie;48;95
B¹ków;Opolskie;48;77
B¹ków;Œl¹skie;48;33
Banie;Zachodniopomorskie;48;91
Banino;Pomorskie;48;58
Baranów;Wielkopolskie;48;62
Baranów;Mazowieckie;48;46
Baranowo;Mazowieckie;48;29
Baranowo;Wielkopolskie;48;61
Bardo;Dolnoœl¹skie;48;74
Barlinek;Zachodniopomorskie;48;95
Bartniczka;Kujawsko-pomorskie;48;56
Barwice;Zachodniopomorskie;48;94
Bar³o¿no;Pomorskie;48;58
Batorowo;Zachodniopomorskie;48;61
Bednary;£ódzkie;48;46
Bêdzin;Œl¹skie;48;32
Belsk Du¿y;Mazowieckie;48;48
Besko;Podkarpackie;48;13
Bestwina;Œl¹skie;48;32
Be³chatów;£ódzkie;48;44
Be³k;Œl¹skie;48;32
Be³¿yce;Lubelskie;48;81
Bia³a;Œl¹skie;48;34
Bia³a Podlaska;Lubelskie;48;83
Bia³a Rawska;£ódzkie;48;46
Bia³aczów;£ódzkie;48;44
Bia³e B³ota;Kujawsko-pomorskie;48;52
Bia³ogard;Zachodniopomorskie;48;94
Bia³o³êka;Dolnoœl¹skie;48;76
Bia³y Bór;Zachodniopomorskie;48;94
Bia³ystok;Podlaskie;48;85
Bia³ystok-Kleosin;Podlaskie;48;85
Bia³ystok-Zaœcianki;Podlaskie;48;85
Bibice;Ma³opolskie;48;12
Bielany Wroclawskie;Dolnoœl¹skie;48;71
Bielawa;Dolnoœl¹skie;48;74
Bielkówko;Pomorskie;48;58
Bielsk;Mazowieckie;48;24
Bielsk Podlaski;Podlaskie;48;85
Bielsko-Bia³a;Œl¹skie;48;33
Bierkowice;Dolnoœl¹skie;48;74
Bieruñ;Œl¹skie;48;32
Bierutów;Dolnoœl¹skie;48;71
Biesiekierz;Zachodniopomorskie;48;94
Bircza;Podkarpackie;48;16
Biskupia Wola;£ódzkie;48;44
Biskupice;Ma³opolskie;48;61
Biskupice;Wielkopolskie;48;61
Biskupiec;Warmiñsko-mazurskie;48;89
Bi³goraj;Lubelskie;48;84
Blaszki;£ódzkie;48;43
Blizanów;Wielkopolskie;48;62
Blok Dobryszyce;£ódzkie;48;44
Bobolice;Zachodniopomorskie;48;94
Bobrowniki;Wielkopolskie;48;62
Bobrowo;Kujawsko-pomorskie;48;56
Bochnia;Ma³opolskie;48;14
Bodzanów;Mazowieckie;48;77
Bodzechów;Œwiêtokrzyskie;48;41
Bogatynia;Dolnoœl¹skie;48;75
Boguchwa³a;Podkarpackie;48;17
Boguszów;Dolnoœl¹skie;48;74
Boguszów-Górce;Dolnoœl¹skie;48;74
Boguszyce;Opolskie;48;77
Bolechowice;Ma³opolskie;48;18
Boles³aw;Ma³opolskie;48;12
Boles³awiec;Dolnoœl¹skie;48;75
Bolewice;Wielkopolskie;48;61
Bolimów;£ódzkie;48;46
Bolków;Dolnoœl¹skie;48;75
Bolszewo;Pomorskie;48;58
Borkovice;Wielkopolskie;48;61
Borne Sulinowo;Zachodniopomorskie;48;94
Borów Wielki;Lubuskie;48;68
Borowa;Podkarpackie;48;17
Borsk;Pomorskie;48;58
Bo¿enkowo;Kujawsko-pomorskie;48;52
Br¹szewice;£ódzkie;48;43
Brenno;Wielkopolskie;48;68
Brodnica;Wielkopolskie;48;61
Brodnica;Kujawsko-pomorskie;48;56
Brodnica Górna;Pomorskie;48;58
Brody;Œwiêtokrzyskie;48;41
Brojce;Zachodniopomorskie;48;91
Broñczyce;Ma³opolskie;48;12
Bru¿yczka Ma³a;£ódzkie;48;42
Brwinów;Mazowieckie;48;22
Brynice;Opolskie;48;77
Brzeg;Opolskie;48;77
Brzeg Dolny;Dolnoœl¹skie;48;71
Brzeœæ Kujawski;Kujawsko-pomorskie;48;54
Brzesko;Ma³opolskie;48;14
Brzezina;Dolnoœl¹skie;48;71
Brzezinka;Ma³opolskie;48;33
Brzeziny;£ódzkie;48;46
Brzeznica;Ma³opolskie;48;33
BrzeŸnica;Podkarpackie;48;14
BrzeŸnio;£ódzkie;48;43
Brzoza;Kujawsko-pomorskie;48;52
Brzozów;Podkarpackie;48;13
Budziszewice;£ódzkie;48;44
Budzów;Ma³opolskie;48;33
Budzyñ;Wielkopolskie;48;67
Bujaków;Œl¹skie;48;33
Buk;Wielkopolskie;48;61
Bukowice;Dolnoœl¹skie;48;71
Bukowno;Ma³opolskie;48;32
Bukowsko;Podkarpackie;48;13
Bulowice;Ma³opolskie;48;33
Burzenin;£ódzkie;48;43
Bydgoszcz;Kujawsko-pomorskie;48;52
Bystra;Œl¹skie;48;33
Bystra;Ma³opolskie;48;18
Bystrzyca K³odzka;Dolnoœl¹skie;48;74
Bytkowo;Wielkopolskie;48;61
Bytom;Œl¹skie;48;32
Bytów;Pomorskie;48;59
B³onie;Mazowieckie;48;22
Cedry Wielkie;Pomorskie;48;58
Cedynia;Zachodniopomorskie;48;91
Ceków;Wielkopolskie;48;62
Charzykowy;Pomorskie;48;52
Che³m;Lubelskie;48;82
Che³mce;Kujawsko-pomorskie;48;52
Che³mek;Ma³opolskie;48;33
Che³mno;Kujawsko-pomorskie;48;56
Chludowo;Wielkopolskie;48;61
Chmielno;Pomorskie;48;58
Chocianów;Dolnoœl¹skie;48;76
Chociwel;Zachodniopomorskie;48;91
Chocznia;Ma³opolskie;48;33
Chodzie¿;Wielkopolskie;48;67
Chojna;Zachodniopomorskie;48;91
Chojnice;Pomorskie;48;52
Chojno;Wielkopolskie;48;65
Chojnów;Dolnoœl¹skie;48;76
Chorzelów;Podkarpackie;48;17
Chorzów;Œl¹skie;48;32
Choszczno;Zachodniopomorskie;48;95
Chotomów;Mazowieckie;48;22
Chróœcice;Opolskie;48;77
Chrzanów;Ma³opolskie;48;32
Chrzastowice;Opolskie;48;77
Chwaszczyno;Pomorskie;48;58
Chybie;Œl¹skie;48;33
Chynów;Mazowieckie;48;48
Chy¿ne;Ma³opolskie;48;18
Ciche;Ma³opolskie;48;18
Ciechanów;Mazowieckie;48;23
Ciecierzyn;Lubelskie;48;81
Ciel¹dz;£ódzkie;48;46
Cielcza;Wielkopolskie;48;62
Cieszyn;Œl¹skie;48;33
Cmolas;Podkarpackie;48;17
Cychry;Zachodniopomorskie;48;95
Czajków;Wielkopolskie;48;62
Czaplinek;Zachodniopomorskie;48;94
Czarków;Œl¹skie;48;32
Czarnków;Wielkopolskie;48;67
Czarnów;Mazowieckie;48;29
Czarno¿y³y;£ódzkie;48;43
Czastary;£ódzkie;48;62
Czchów;Ma³opolskie;48;14
Czechowice-Dziedzice;Œl¹skie;48;32
Czekanów;Œl¹skie;48;32
CzeladŸ;Œl¹skie;48;32
Czempin;Wielkopolskie;48;61
Czernichów;Œl¹skie;48;33
Czernichow;Ma³opolskie;48;12
Czerniewice;£ódzkie;48;44
Czerwieñsk;Lubuskie;48;68
Czerwonak;Wielkopolskie;48;61
Czêstochowa;Œl¹skie;48;34
Czlopa;Zachodniopomorskie;48;67
Czosnów;Mazowieckie;48;22
Czudec;Podkarpackie;48;17
Czyzew Osada;Podlaskie;48;86
Czy¿owice;Œl¹skie;48;32
Cz³uchów;Pomorskie;48;59
D¹bie;Lubuskie;48;68
D¹bki;Pomorskie;48;59
D¹browa Bia³ostocka;Podlaskie;48;85
D¹browa Che³miñska;Kujawsko-pomorskie;48;52
D¹browa Górnicza;Œl¹skie;48;32
D¹browa;Wielkopolskie;48;61
D¹browa Koz³owska;Mazowieckie;48;48
D¹browa Tarnowska;Ma³opolskie;48;14
D¹browa Zielona;Œl¹skie;48;34
D¹browice;Opolskie;48;77
D¹browice;£ódzkie;48;24
D¹brówka;Mazowieckie;48;22
D¹brówka Tczewska;Pomorskie;48;58
D¹brówka £ubniañska;Opolskie;48;77
D¹brówno;Warmiñsko-mazurskie;48;89
Daleszyce;Œwiêtokrzyskie;48;41
Dalików;£ódzkie;48;43
Damas³awek;Wielkopolskie;48;67
Damnica;Pomorskie;48;59
Dar³ówko;Zachodniopomorskie;48;94
Dar³owo;Zachodniopomorskie;48;94
Dawidy Bankowe;Mazowieckie;48;22
Dêbe Wielkie;Mazowieckie;48;25
Dêbica;Podkarpackie;48;14
Dêblin;Lubelskie;48;81
Dêbnica Kaszubska;Pomorskie;48;59
Dêbno;Ma³opolskie;48;14
Dêbno;Zachodniopomorskie;48;95
Dêbowiec;Œl¹skie;48;33
Debrzno;Pomorskie;48;59
Dlutów;£ódzkie;48;44
Dmosin;£ódzkie;48;46
Dobczyce;Ma³opolskie;48;12
Dobiegniew;Lubuskie;48;95
Dobiszewice;Œl¹skie;48;32
Dobra;Opolskie;48;77
Dobra;Ma³opolskie;48;18
Dobra;Wielkopolskie;48;63
Dobra Nowogardzka;Zachodniopomorskie;48;91
Dobra Szczeciñska;Zachodniopomorskie;48;91
Dobrcz;Kujawsko-pomorskie;48;52
Dobre Miasto;Warmiñsko-mazurskie;48;89
Dobrodzieñ;Opolskie;48;34
Dobromierz;Dolnoœl¹skie;48;74
Dobroñ;£ódzkie;48;43
Dobroszyce;Dolnoœl¹skie;48;71
Dobrzany;Zachodniopomorskie;48;91
Dobrzejewice;Kujawsko-pomorskie;48;56
Dobrzen Wielki;Opolskie;48;77
Dobrzyca;Wielkopolskie;48;62
Dobrzykowice;Dolnoœl¹skie;48;71
Dobrzyñ n.;Wis³¹ Kujawsko-pomorskie;48;54
Dobrzyniewo Du¿e;Podlaskie;48;85
Dobrzyniewo Koœcielne;Podlaskie;48;85
Dolice;Zachodniopomorskie;48;91
Dolsk;Wielkopolskie;48;61
Domaniewice;£ódzkie;48;46
Domaradz;Podkarpackie;48;13
Domaszowice;Opolskie;48;77
Domas³aw;Dolnoœl¹skie;48;71
Dominowo;Wielkopolskie;48;61
Dopiewo;Wielkopolskie;48;61
Dorohusk;Lubelskie;48;82
Doruchów;Wielkopolskie;48;62
Dó³hobyczów;Lubelskie;48;84
Dr¹gacz;Kujawsko-pomorskie;48;52
Drawno;Zachodniopomorskie;48;95
Drawski M³yn;Wielkopolskie;48;67
Drawsko;Wielkopolskie;48;67
Drawsko Pomorskie;Zachodniopomorskie;48;94
Drelów;Lubelskie;48;83
Drezdenko;Lubuskie;48;95
Drobin;Mazowieckie;48;24
Drohiczyn;Podlaskie;48;85
Dru¿bice;£ódzkie;48;44
Drwinia;Ma³opolskie;48;12
Drzewica;£ódzkie;48;48
Drzycim;Kujawsko-pomorskie;48;52
Dubeninki;Warmiñsko-mazurskie;48;87
Dubicze Cerkiewne;Podlaskie;48;85
Dubiecko;Podkarpackie;48;16
Dubienka;Lubelskie;48;82
Dukla;Podkarpackie;48;13
Duszniki;Wielkopolskie;48;61
Duszniki-Zdrój;Dolnoœl¹skie;48;74
Dwikozy;Œwiêtokrzyskie;48;15
Dychów;Lubuskie;48;68
Dygowo;Zachodniopomorskie;48;94
Dynów;Podkarpackie;48;16
Dywity;Warmiñsko-mazurskie;48;89
Dziadowa K³oda;Dolnoœl¹skie;48;62
Dzianisz;Ma³opolskie;48;18
Dzia³dowo;Warmiñsko-mazurskie;48;23
Dzia³oszyce;Œwiêtokrzyskie;48;41
Dzia³oszyn;£ódzkie;48;43
Dzieæmierowo;Wielkopolskie;48;61
Dziekanów Leœny;Mazowieckie;48;22
Dziemiany;Pomorskie;48;58
Dzier¿¹¿no;Pomorskie;48;58
Dzierzgon;Pomorskie;48;55
Dzierzgowo;Mazowieckie;48;23
Dzierzkowice;Lubelskie;48;81
Dzier¿oniów;Dolnoœl¹skie;48;74
Dziwnów;Zachodniopomorskie;48;91
Dzwierzuty;Warmiñsko-mazurskie;48;89
DŸwirzyno;Zachodniopomorskie;48;94
D³uga Koœcielna;Mazowieckie;48;22
D³ugosiod³o;Mazowieckie;48;29
D³ugo³êka;Dolnoœl¹skie;48;71
Elbl¹g;Warmiñsko-mazurskie;48;55
E³k;Warmiñsko-mazurskie;48;87
Fabianki;Kujawsko-pomorskie;48;54
Fajs³awice;Lubelskie;48;81
Falków;Œwiêtokrzyskie;48;44
Filipów;Podlaskie;48;87
Firlej;Lubelskie;48;81
Frampol;Lubelskie;48;84
Frombork;Warmiñsko-mazurskie;48;55
Frysztak;Podkarpackie;48;17
G¹bin;Mazowieckie;48;24
Gadka Stara;£ódzkie;48;42
G¹dki;Wielkopolskie;48;61
Galewice;£ódzkie;48;62
Galków Du¿y;£ódzkie;48;44
Garbatka;Mazowieckie;48;48
Garbatka Letnisko;Mazowieckie;48;48
Garbów;Lubelskie;48;81
Garnek;Œl¹skie;48;34
Garwolin;Mazowieckie;48;25
Gasawa;Kujawsko-pomorskie;48;52
Gaszowice;Œl¹skie;48;32
Gdañsk;Pomorskie;48;58
Gdow;Ma³opolskie;48;12
Gdynia;Pomorskie;48;58
Gdynia-Red³owo;Pomorskie;48;58
Gidle;£ódzkie;48;34
Giebu³tów;Ma³opolskie;48;12
Gielniów;Mazowieckie;48;48
Gieraltowice;Œl¹skie;48;32
Gietrzwa³d;Warmiñsko-mazurskie;48;89
Gilowice;Œl¹skie;48;33
Giza³ki;Wielkopolskie;48;62
Gi¿ycko;Warmiñsko-mazurskie;48;87
Glinianka;Mazowieckie;48;22
Glinojeck;Mazowieckie;48;23
Gliwice;Œl¹skie;48;32
Gniew;Pomorskie;48;58
Gniewino;Pomorskie;48;58
Gniewków;Dolnoœl¹skie;48;74
Gniewkowo;Kujawsko-pomorskie;48;52
Gniewoszów;Mazowieckie;48;48
Gniezno;Wielkopolskie;48;61
Gocza³kowice-Zdrój;Œl¹skie;48;32
Godetowo;Pomorskie;48;58
Godów;Œl¹skie;48;32
Godziesze Wielkie;Wielkopolskie;48;62
Godziszewo;Pomorskie;48;58
Godziszka;Œl¹skie;48;33
Gogolin;Opolskie;48;77
Gójsk;Mazowieckie;48;22
Golczewo;Zachodniopomorskie;48;91
Golêczewo;Wielkopolskie;48;61
Goledzinów;Dolnoœl¹skie;48;71
Goleniów;Zachodniopomorskie;48;91
Goleszów;Œl¹skie;48;33
Golina;Wielkopolskie;48;63
Golkowice;Ma³opolskie;48;18
Golub-Dobrzyñ;Kujawsko-pomorskie;48;56
Gomunice;£ódzkie;48;44
Goni¹dz;Podlaskie;48;86
Góra;Dolnoœl¹skie;48;65
Góra Kalwaria;Mazowieckie;48;22
Góra Kamieñsk;£ódzkie;48;44
Góra Œl¹ska;Dolnoœl¹skie;48;65
Goraj;Lubelskie;48;84
Góra¿d¿e;Opolskie;48;77
Gorêczyno;Pomorskie;48;58
Górki;Pomorskie;48;58
Górki Ma³e;Œl¹skie;48;33
Górki Wielkie;Œl¹skie;48;33
Gorlice;Ma³opolskie;48;18
Górna Grupa;Kujawsko-pomorskie;48;52
Gorowo Ilaweckie;Warmiñsko-mazurskie;48;89
Gorzanów;Dolnoœl¹skie;48;74
Górzec;Dolnoœl¹skie;48;71
Gorzków;Lubelskie;48;84
Gorzkowice;£ódzkie;48;44
Gorzno;Kujawsko-pomorskie;48;56
Górzno;Mazowieckie;48;25
Gorzów Œl¹ski;Opolskie;48;34
Gorzów Wielkopolski;Lubuskie;48;95
Gorzuchowo;Kujawsko-pomorskie;48;56
Gorzyca;Lubuskie;48;95
Gorzyce;Podkarpackie;48;15
Goœcicino;Pomorskie;48;58
Goœcino;Zachodniopomorskie;48;94
Gosciszów;Dolnoœl¹skie;48;75
Gostycyn;Kujawsko-pomorskie;48;52
Gostyñ;Wielkopolskie;48;65
Gostynin;Mazowieckie;48;24
Goszczyn;Mazowieckie;48;48
Gotelp;Pomorskie;48;52
Gowarczów;Œwiêtokrzyskie;48;48
Gowarzewo;Wielkopolskie;48;61
Goworowo;Mazowieckie;48;29
Gozd;Mazowieckie;48;48
Gozdnica;Lubuskie;48;68
Gozdowo;Mazowieckie;48;24
Go³añcz;Wielkopolskie;48;67
Go³dap;Warmiñsko-mazurskie;48;87
Go³uchów;Wielkopolskie;48;62
Go³ymin;Mazowieckie;48;23
Grabica;£ódzkie;48;44
Grabiny Zameczek;Pomorskie;48;58
Grabów;£ódzkie;48;63
Grabów n.;Pilic¹ Mazowieckie;48;48
Grabów nad;Proœn¹ Wielkopolskie;48;62
Grabowiec;Lubelskie;48;84
Grabownica;Podkarpackie;48;13
Grabowo;Podlaskie;48;86
Grajewo;Podlaskie;48;86
Granowo;Wielkopolskie;48;61
Grebocice;Dolnoœl¹skie;48;76
Grêbocin;Kujawsko-pomorskie;48;56
Grodek;Podlaskie;48;85
Grodków;Opolskie;48;77
Gródków;Œl¹skie;48;32
Grodziec;Wielkopolskie;48;63
Grodzisk;Podlaskie;48;85
Grodzisk Mazowiecki;Mazowieckie;48;22
Grodzisk Wielkopolski;Wielkopolskie;48;61
Grójec;Mazowieckie;48;48
Gromadka;Dolnoœl¹skie;48;76
Gronowo Elbl¹skie;Warmiñsko-mazurskie;48;55
Gronowo Górne;Warmiñsko-mazurskie;48;55
Grudusk;Mazowieckie;48;23
Grudzi¹dz;Kujawsko-pomorskie;48;56
Gruszczyn;Wielkopolskie;48;61
Gruszów;Ma³opolskie;48;12
Grybów;Ma³opolskie;48;18
Gryfice;Zachodniopomorskie;48;91
Gryfino;Zachodniopomorskie;48;91
Gryfów Œl¹ski;Dolnoœl¹skie;48;75
Grzegorzów;Wielkopolskie;48;63
Grzmi¹ca;Zachodniopomorskie;48;94
Grzybowa Góra;Œwiêtokrzyskie;48;41
Grzybowo;Zachodniopomorskie;48;94
Gubin;Lubuskie;48;68
Gzy;Mazowieckie;48;23
G³ogów;Dolnoœl¹skie;48;76
G³ogów Ma³opolski;Podkarpackie;48;17
G³ogówek;Opolskie;48;77
G³osków;Mazowieckie;48;22
G³owaczów;Mazowieckie;48;48
G³owczyce;Pomorskie;48;59
G³owno;£ódzkie;48;42
G³ubczyce;Opolskie;48;77
G³ucho³azy;Opolskie;48;77
G³uszyca;Dolnoœl¹skie;48;74
G³uszyna;Opolskie;48;77
Hajnówka;Podlaskie;48;85
Halinow;Mazowieckie;48;22
Harklowa;Podkarpackie;48;13
Ha¿lach;Œl¹skie;48;33
Hecznarowice;Œl¹skie;48;33
Hel;Pomorskie;48;58
Henryków;Dolnoœl¹skie;48;74
Herby;Œl¹skie;48;34
Holowczyce;Lubelskie;48;83
Hopowo;Pomorskie;48;58
Hornówek;Mazowieckie;48;22
Horod³o;Lubelskie;48;84
Horyniec;Podkarpackie;48;16
Hrubieszów;Lubelskie;48;84
Humniska;Podkarpackie;48;13
Igo³omia;Ma³opolskie;48;12
Imielin;Œl¹skie;48;32
Inowroc³aw;Kujawsko-pomorskie;48;52
Inow³ódz;£ódzkie;48;44
Iñsko;Zachodniopomorskie;48;91
Istebna;Œl¹skie;48;33
Iwanowice Ma³e;Œl¹skie;48;33
Iwierzyce;Podkarpackie;48;17
Iwonicz-Zdrój;Podkarpackie;48;13
Izabelin;Mazowieckie;48;22
Izbica;Lubelskie;48;84
Izbica Kujawska;Kujawsko-pomorskie;48;54
Izbicko;Opolskie;48;77
Izdebnik;Ma³opolskie;48;12
I³awa;Warmiñsko-mazurskie;48;89
I³ów;Mazowieckie;48;24
I³owa;Lubuskie;48;68
I³owo-Osada;Warmiñsko-mazurskie;48;23
I³¿a;Mazowieckie;48;48
Jab³oñ;Lubelskie;48;83
Jab³onka;Ma³opolskie;48;18
Jab³onna;Lubelskie;48;81
Jab³onna;Mazowieckie;48;81
Jab³onna £¹cka;Mazowieckie;48;25
Jab³onowo Pomorskie;Kujawsko-pomorskie;48;56
Jadów;Mazowieckie;48;25
Jaktorów;Mazowieckie;48;46
Jakubów;Mazowieckie;48;25
Janczewice;Mazowieckie;48;22
Janikowo;Kujawsko-pomorskie;48;52
Janki;Mazowieckie;48;22
Jankowice;Ma³opolskie;48;32
Jankowice;Œl¹skie;48;32
Jankowice Rybnickie;Œl¹skie;48;32
Jankowice Wielkie;Opolskie;48;77
Janów;Œl¹skie;48;34
Janów Lubelski;Lubelskie;48;15
Janów Podlaski;Lubelskie;48;83
Janowek Pershy;Mazowieckie;48;79
Janowice Wielkie;Dolnoœl¹skie;48;75
Janowiec n.;Wis³¹ Lubelskie;48;81
Janowiec Wielkopolski;Kujawsko-pomorskie;48;52
Janowo;Warmiñsko-mazurskie;48;89
Januszkowice;Dolnoœl¹skie;48;71
Jaraczewo;Wielkopolskie;48;62
Jarczów;Lubelskie;48;84
Jarkowice;Dolnoœl¹skie;48;75
Jarocin;Wielkopolskie;48;62
Jaroszów;Dolnoœl¹skie;48;74
Jaroszowiec;Ma³opolskie;48;32
Jaros³aw;Podkarpackie;48;16
Jasieñ;Lubuskie;48;68
Jasienica;Mazowieckie;48;29
Jasienica;Œl¹skie;48;33
Jasienica Dolna;Opolskie;48;77
Jasieniec;Mazowieckie;48;48
Jasionka;Podkarpackie;48;17
Jasionówka;Podlaskie;48;85
Jaskrów;Œl¹skie;48;34
Jastarnia;Pomorskie;48;58
Jastków;Lubelskie;48;81
Jastrowie;Wielkopolskie;48;67
Jastrz¹b;Mazowieckie;48;48
Jastrzêbia;Mazowieckie;48;48
Jastrzêbia Góra;Pomorskie;48;58
Jastrzêbie;Opolskie;48;77
Jastrzêbie Zdrój;Œl¹skie;48;32
Jaœwi³y;Podlaskie;48;85
Jas³o;Podkarpackie;48;13
Jawiszowice;Ma³opolskie;48;32
Jawor;Dolnoœl¹skie;48;76
Jawornik;Ma³opolskie;48;12
Jawornik Polski;Podkarpackie;48;16
Jaworowa;Mazowieckie;48;22
Jaworze;Œl¹skie;48;33
Jaworzno;Opolskie;48;34
Jaworzno;Œl¹skie;48;32
Jaworzyna Œl¹ska;Dolnoœl¹skie;48;74
Jaworzynka;Œl¹skie;48;33
Jazowsko;Ma³opolskie;48;18
Jedlicze;Podkarpackie;48;13
Jedlina Zdrój;Dolnoœl¹skie;48;74
Jedliñsk;Mazowieckie;48;48
Jedlnia Letnisko;Mazowieckie;48;48
Jednoro¿ec;Mazowieckie;48;29
Jêdrzejów;Œwiêtokrzyskie;48;41
Jêdrzychowice;Dolnoœl¹skie;48;75
Jedwabne;Podlaskie;48;86
Jejkowice;Œl¹skie;48;32
Jelcz-Laskowice;Dolnoœl¹skie;48;71
Jelenia Góra;Dolnoœl¹skie;48;75
Jeleniewo;Podlaskie;48;87
Jeleœnia;Œl¹skie;48;33
Jemielnica;Opolskie;48;77
Jenin;Lubuskie;48;95
Jerzmanowa;Dolnoœl¹skie;48;76
Je¿ewo;Kujawsko-pomorskie;48;52
Jeziorany;Warmiñsko-mazurskie;48;89
Jeziorzany;Lubelskie;48;81
Je¿ów;£ódzkie;48;46
Je¿ów Sudecki;Dolnoœl¹skie;48;75
Je³owa;Opolskie;48;77
Jod³ownik;Ma³opolskie;48;18
Jonkowo;Warmiñsko-mazurskie;48;89
Jordanów;Ma³opolskie;48;18
Jordanów Œl¹ski;Dolnoœl¹skie;48;71
Józefos³aw;Mazowieckie;48;22
Józefów;Lubelskie;48;22
Józefów;Mazowieckie;48;22
Jozefow-Michalin;Mazowieckie;48;22
Juchnowiec Dolny;Podlaskie;48;85
Juchnowiec Górny;Podlaskie;48;58
Julianów;Mazowieckie;48;22
Jurata;Pomorskie;48;58
Jurowce;Podlaskie;48;85
Juszczyn;Ma³opolskie;48;33
Jutrosin;Wielkopolskie;48;65
Kaczory;Wielkopolskie;48;67
Kadzid³o;Mazowieckie;48;29
Kad³ub;Opolskie;48;77
Kalety;Œl¹skie;48;34
Kalinowo;Warmiñsko-mazurskie;48;87
Kaliska;Pomorskie;48;58
Kalisz;Wielkopolskie;48;62
Kalisz Pomorski;Zachodniopomorskie;48;94
Kaluszyn;Mazowieckie;48;25
Kalwaria Zebrzydowska;Ma³opolskie;48;33
Kamieñ;Lubelskie;48;82
Kamieñ Krajeñski;Kujawsko-pomorskie;48;52
Kamieñ Pomorski;Zachodniopomorskie;48;91
Kamienica Polska;Œl¹skie;48;34
Kamienica Szlachecka;Pomorskie;48;58
Kamieniec;Wielkopolskie;48;61
Kamieniec Wroc³awski;Dolnoœl¹skie;48;71
Kamieniec Z¹bkowicki;Dolnoœl¹skie;48;74
Kamienna Góra;Dolnoœl¹skie;48;75
Kamiennik;Opolskie;48;77
Kamieñsk;£ódzkie;48;44
Kamionka;Lubelskie;48;81
Kamionka Wielka;Ma³opolskie;48;18
Kampinos;Mazowieckie;48;22
Kamyk;Œl¹skie;48;34
Kañczuga;Podkarpackie;48;16
Karczew;Mazowieckie;48;22
Karczmiska;Lubelskie;48;81
Kargowa;Lubuskie;48;68
Karlino;Zachodniopomorskie;48;94
Karnice;Zachodniopomorskie;48;91
Karpacz;Dolnoœl¹skie;48;75
Kartoszyno;Pomorskie;48;58
Kartuzy;Pomorskie;48;58
Kasina Wielka;Ma³opolskie;48;18
Kasinka Ma³a;Ma³opolskie;48;18
Katowice;Œl¹skie;48;32
K¹ty Wroc³awskie;Dolnoœl¹skie;48;71
Kazanów;Mazowieckie;48;48
Kazimierz Biskupi;Wielkopolskie;48;63
Kazimierza Wielka;Œwiêtokrzyskie;48;41
KaŸmierz;Wielkopolskie;48;61
Kcynia;Kujawsko-pomorskie;48;52
Kêdzierzyn-KoŸle;Opolskie;48;77
Kêpice;Pomorskie;48;59
Kêpno;Wielkopolskie;48;62
Kepno;Mazowieckie;48;62
Kesowo;Kujawsko-pomorskie;48;52
Kêtrzyn;Warmiñsko-mazurskie;48;89
Kêty;Ma³opolskie;48;33
Kiekrz;Wielkopolskie;48;61
Kielce;Œwiêtokrzyskie;48;41
Kielczów;Dolnoœl¹skie;48;71
Kielno;Pomorskie;48;58
Kietlin;£ódzkie;48;44
Kietrz;Opolskie;48;77
Kie³czyg³ów;£ódzkie;48;43
Kie³pino;Pomorskie;48;58
Kijewo Królewskie;Kujawsko-pomorskie;48;56
Kiszkowo;Wielkopolskie;48;61
Klecza Górna;Ma³opolskie;48;33
Kleczew;Wielkopolskie;48;63
Klembów;Mazowieckie;48;29
Kleosin;Podlaskie;48;85
Kleszczele;Podlaskie;48;85
Kleszczów;£ódzkie;48;44
Klewki;Warmiñsko-mazurskie;48;89
Klikuszowa;Ma³opolskie;48;18
Kliny;Wielkopolskie;48;61
Kluczbork;Opolskie;48;77
Klucze;Ma³opolskie;48;32
Kluki;£ódzkie;48;22
Klukowo;Podlaskie;48;86
Kluszkowce;Ma³opolskie;48;18
Kluszkowce;Ma³opolskie;48;18
Klwów;Mazowieckie;48;48
Knurów;Œl¹skie;48;32
Kobiele Wielkie;£ódzkie;48;44
Kobielice;Œl¹skie;48;32
Kobiernice;Œl¹skie;48;32
Kobierno;Wielkopolskie;48;62
Kobierzyce;Dolnoœl¹skie;48;71
Kobiór;Œl¹skie;48;32
Kobylice;Opolskie;48;77
Kobylin;Wielkopolskie;48;65
Kobylnica;Wielkopolskie;48;61
Kobylnica;Pomorskie;48;59
Koby³ka;Mazowieckie;48;22
Kocierzew;£ódzkie;48;46
Kocmyrzów;Ma³opolskie;48;12
Kocza³a;Pomorskie;48;59
Kodeñ;Lubelskie;48;83
Kodrab;£ódzkie;48;44
Kolaki Koœcielne;Podlaskie;48;86
Kolbiel;Mazowieckie;48;25
Kolbudy;Pomorskie;48;58
Kolbudy Górne;Pomorskie;48;58
Kolbuszowa;Podkarpackie;48;17
Kolczyg³owy;Pomorskie;48;59
Koleczkowo;Pomorskie;48;58
Kolno;Warmiñsko-mazurskie;48;89
Kolno;Podlaskie;48;86
Kolonia Mrokowska;Mazowieckie;48;22
Kolonia Poczesna;Œl¹skie;48;34
Kolonowskie;Opolskie;48;77
Kolsko;Lubuskie;48;68
Koluszki;£ódzkie;48;44
Komancza;Podkarpackie;48;13
Komarów-Osada;Lubelskie;48;84
Komarówka Podlaska;Lubelskie;48;83
Komorniki;Wielkopolskie;48;61
Komorów-Granica;Mazowieckie;48;22
Komprachcice;Opolskie;48;77
Konarzyny;Pomorskie;48;59
Koneck;Kujawsko-pomorskie;48;54
Koniaków;Œl¹skie;48;33
Koniecpol;Œl¹skie;48;34
Konik Nowy;Mazowieckie;48;22
Konin;Wielkopolskie;48;63
Koniusza;Ma³opolskie;48;12
Konopiska;Œl¹skie;48;34
Koñskie;Œwiêtokrzyskie;48;41
Koñskowola;Lubelskie;48;81
Konstancin-Jeziorna;Mazowieckie;48;22
Konstantynów;Lubelskie;48;42
Konstantynów £ódzki;£ódzkie;48;42
Kopiec;Œl¹skie;48;34
Koprki;Mazowieckie;48;22
Koprzywnica;Œwiêtokrzyskie;48;15
Korbielów;Œl¹skie;48;33
Korczew;Mazowieckie;48;25
Korczyna;Podkarpackie;48;13
Korfantow;Opolskie;48;77
Kornik;Wielkopolskie;48;61
Kornowac;Œl¹skie;48;32
Koronowo;Kujawsko-pomorskie;48;52
Korsze;Warmiñsko-mazurskie;48;89
Korwinów;Œl¹skie;48;34
Korycin;Podlaskie;48;85
Korytnica;Mazowieckie;48;25
Korzeniew;Wielkopolskie;48;62
Korzybie;Pomorskie;48;59
Kosakowo;Pomorskie;48;58
Koœcian;Wielkopolskie;48;65
Koœcielec;Wielkopolskie;48;63
Koœcielisko;Ma³opolskie;48;18
Koœcielna Wieœ;Wielkopolskie;48;62
Koœcierzyna;Pomorskie;48;58
Kosina;Podkarpackie;48;17
Kosów Lacki;Mazowieckie;48;25
Kostom³oty;Dolnoœl¹skie;48;71
Kostowiec;Mazowieckie;48;22
Kostrza;Dolnoœl¹skie;48;74
Kostrzyn;Wielkopolskie;48;61
Kostrzyn n.;Odra Lubuskie;48;95
Kostrzyn Odrzañski;Lubuskie;48;95
Koszalin;Zachodniopomorskie;48;94
Koszecin;Œl¹skie;48;34
Koszyce;Ma³opolskie;48;41
Kotlarnia;Opolskie;48;77
Kotlin;Wielkopolskie;48;62
Kotlinki;£ódzkie;48;43
Kotun;Mazowieckie;48;25
Kowal;Kujawsko-pomorskie;48;54
Kowala;Mazowieckie;48;48
Kowala Kolonia;Mazowieckie;48;48
Kowala Stepocina;Mazowieckie;48;48
Kowale;Pomorskie;48;58
Kowale Oleckie;Warmiñsko-mazurskie;48;87
Kowalewo Pomorskie;Kujawsko-pomorskie;48;56
Kowary;Dolnoœl¹skie;48;75
Kowiesy;£ódzkie;48;46
Kozieg³owy;Wielkopolskie;48;61
Kozieg³owy;Œl¹skie;48;34
Kozienice;Mazowieckie;48;48
KoŸmin;Wielkopolskie;48;62
Kozmin Wielkopolski;Wielkopolskie;48;62
Kozminek;Wielkopolskie;48;62
Ko¿uchów;Lubuskie;48;68
Kozy;Œl¹skie;48;33
Ko³aczkowo;Wielkopolskie;48;61
Ko³baskowo;Zachodniopomorskie;48;91
Ko³o;Wielkopolskie;48;63
Ko³obrzeg;Zachodniopomorskie;48;94
Kraczkowa;Podkarpackie;48;17
Kragola;Wielkopolskie;48;63
Krajenka;Wielkopolskie;48;67
Kraków;Ma³opolskie;48;12
Kramsk;Wielkopolskie;48;63
Krapkowice;Opolskie;48;77
Krasiczyn;Podkarpackie;48;16
Krasiejow;Opolskie;48;77
Krasienin;Lubelskie;48;81
Krasniczyn;Lubelskie;48;82
Kraœnik;Lubelskie;48;81
Krasnobród;Lubelskie;48;84
Krasnopol;Podlaskie;48;87
Krasnosielc;Mazowieckie;48;29
Krasnystaw;Lubelskie;48;82
Krasocin;Œwiêtokrzyskie;48;41
Kraszewice;Wielkopolskie;48;62
Krerowo;Wielkopolskie;48;61
Krobia;Wielkopolskie;48;65
Kroczyce;Œl¹skie;48;34
Krokowa;Pomorskie;48;58
Kroœcienko n.;Dunajcem Ma³opolskie;48;18
Kroœcienko Wy¿ne;Podkarpackie;48;13
Kroœnice;Dolnoœl¹skie;48;71
Kroœnice;Dolnoœl¹skie;48;71
Kroœniewice;£ódzkie;48;24
Krosno;Podkarpackie;48;13
Krosno Odrzañskie;Lubuskie;48;68
Krosnowice;Dolnoœl¹skie;48;74
Krotoszyn;Wielkopolskie;48;62
Krotoszyny;Warmiñsko-mazurskie;48;56
Kruklanki;Warmiñsko-mazurskie;48;87
Krupski M³yn;Œl¹skie;48;32
Kruszewo;Wielkopolskie;48;67
Kruszwica;Kujawsko-pomorskie;48;52
Kruszyn;Kujawsko-pomorskie;48;54
Kruszyna;Œl¹skie;48;34
Krynica Morska;Pomorskie;48;55
Krynica-Zdrój;Ma³opolskie;48;18
Krynki;Podlaskie;48;85
Krzanowice;Œl¹skie;48;32
Krzczonów;Lubelskie;48;81
Krzczonów;Ma³opolskie;48;12
Krzecin;Zachodniopomorskie;48;95
Krzemienica;Podkarpackie;48;17
Krzemieniewo;Wielkopolskie;48;65
Krzepice;Œl¹skie;48;34
Krzeszów;Podkarpackie;48;15
Krzeszów;Ma³opolskie;48;33
Krzeszów;Dolnoœl¹skie;48;75
Krzeszowice;Ma³opolskie;48;12
Krzeszyce;Lubuskie;48;95
Krzêtle;£ódzkie;48;43
Krzewaczaka;Ma³opolskie;48;12
Krzykawka;Ma³opolskie;48;32
Krzykosy;Wielkopolskie;48;61
Krzymów;Wielkopolskie;48;63
Krzywda;Lubelskie;48;25
Krzywiñ;Wielkopolskie;48;65
Krzywin;Zachodniopomorskie;48;91
Krzywop³oty;Ma³opolskie;48;32
Krzy¿ Wielkopolski;Wielkopolskie;48;67
Krzy¿anowice;Œl¹skie;48;32
Krzy¿owa;Œl¹skie;48;33
Krzy¿owa Dolina;Opolskie;48;77
Ksawerów;£ódzkie;48;42
Ksi¹¿ Wielki;Ma³opolskie;48;41
Ksi¹¿ Wielkopolski;Wielkopolskie;48;61
Ksi¹¿enice;Œl¹skie;48;32
Ksi¹¿ki;Kujawsko-pomorskie;48;56
Ksiê¿pol;Lubelskie;48;84
Ksiê¿yno;Podlaskie;48;85
Kuczbork-Osada;Mazowieckie;48;23
Kudowa Zdrój;Dolnoœl¹skie;48;74
Kulesze Koœcielne;Podlaskie;48;86
Kunice;Dolnoœl¹skie;48;76
Kunów;Œwiêtokrzyskie;48;41
Kup;Opolskie;48;74
Kurów;Lubelskie;48;81
Kurzetnik;Warmiñsko-mazurskie;48;56
Kuœlin;Wielkopolskie;48;61
Kutno;£ódzkie;48;24
KuŸnia Raciborska;Œl¹skie;48;32
KuŸnica;Podlaskie;48;85
Kwidzyn;Pomorskie;48;55
Kwilcz;Wielkopolskie;48;61
Kwirynów;Mazowieckie;48;22
K³aj;Ma³opolskie;48;12
K³ecko;Wielkopolskie;48;61
K³obuck;Œl¹skie;48;34
K³odawa;Wielkopolskie;48;95
K³odzko;Dolnoœl¹skie;48;74
K³omnice;Œl¹skie;48;34
K³udzienko;Mazowieckie;48;22
Labiszyn;Kujawsko-pomorskie;48;52
Lachowice;Ma³opolskie;48;33
L¹dek;Wielkopolskie;48;63
L¹dek Zdrój;Dolnoœl¹skie;48;74
Laka;Dolnoœl¹skie;48;75
Lambinowice;Opolskie;48;77
Lanckorona;Ma³opolskie;48;33
Lapsze Nizne;Ma³opolskie;48;18
Lasin;Kujawsko-pomorskie;48;56
Laskowa;Ma³opolskie;48;18
Laskowice Pomorskie;Kujawsko-pomorskie;48;52
Lasowice Wielkie;Opolskie;48;77
Laszki;Podkarpackie;48;16
Latowicz;Mazowieckie;48;25
Laziska Górne;Œl¹skie;48;32
Lêbork;Pomorskie;48;59
Ledziny;Œl¹skie;48;32
Legionowo;Mazowieckie;48;22
Legnica;Dolnoœl¹skie;48;76
Legnickie Pole;Dolnoœl¹skie;48;76
Lelis;Mazowieckie;48;29
Lelów;Œl¹skie;48;34
Leoncin;Mazowieckie;48;22
Lesko;Podkarpackie;48;13
Leœna;Dolnoœl¹skie;48;75
Leœna Podlaska;Lubelskie;48;83
Leœnica;Opolskie;48;77
Leœnica;Dolnoœl¹skie;48;77
Leœniów Wielki;Lubuskie;48;68
Leœniowice;Lubelskie;48;82
Leszno;Mazowieckie;48;22
Leszno;Wielkopolskie;48;65
Leszno Górne;Lubuskie;48;68
Lesznowola;Mazowieckie;48;22
Lewin Brzeski;Opolskie;48;77
Lewin K³odzki;Dolnoœl¹skie;48;74
Le¿ajsk;Podkarpackie;48;17
Lgota Wielka;£ódzkie;48;44
Libi¹¿;Ma³opolskie;48;32
Lichnowy;Pomorskie;48;55
Lidzbark;Warmiñsko-mazurskie;48;23
Lidzbark Warmiñski;Warmiñsko-mazurskie;48;89
Ligota Piêkna;Dolnoœl¹skie;48;71
Ligota Turawska;Opolskie;48;77
Ligowo;Mazowieckie;48;24
Limanowa;Ma³opolskie;48;18
Linia;Pomorskie;48;58
Liniewo;Pomorskie;48;58
Lipce Reymontowskie;£ódzkie;48;46
Lipiany;Zachodniopomorskie;48;91
Lipie;Œl¹skie;48;34
Lipinki £u¿yckie;Lubuskie;48;68
Lipka;Wielkopolskie;48;67
Lipnica;Pomorskie;48;59
Lipnica Wielka;Ma³opolskie;48;18
Lipno;Kujawsko-pomorskie;48;54
Lipowa;Œl¹skie;48;33
Lipsk;Podlaskie;48;87
Lipsko;Mazowieckie;48;48
Lipusz;Pomorskie;48;58
Lisi Ogon;Kujawsko-pomorskie;48;52
Lisia Góra;Ma³opolskie;48;14
Lisów;Œl¹skie;48;34
Liszki;Ma³opolskie;48;12
Lniano;Kujawsko-pomorskie;48;52
Loiki;Œl¹skie;48;38
Lubachow;Dolnoœl¹skie;48;74
Lubaczów;Podkarpackie;48;16
Lubañ;Dolnoœl¹skie;48;75
Lubanie;Kujawsko-pomorskie;48;54
Lubartów;Lubelskie;48;81
Lubasz;Wielkopolskie;48;67
Lubawa;Warmiñsko-mazurskie;48;89
Lubawka;Dolnoœl¹skie;48;75
Lubichowo;Pomorskie;48;58
Lubicz;Kujawsko-pomorskie;48;56
Lubieñ Kujawski;Kujawsko-pomorskie;48;54
Lubieszów;Lubuskie;48;68
Lubiewo;Kujawsko-pomorskie;48;52
Lubin;Dolnoœl¹skie;48;76
Lubiszewo Tczewskie;Pomorskie;48;58
Lubiszyn;Lubuskie;48;95
Lublewo Gdañskie;Pomorskie;48;58
Lublin;Lubelskie;48;81
Lublin 62;Lubelskie;48;81
Lubliniec;Œl¹skie;48;34
Lubniany;Opolskie;48;77
Lubnice;£ódzkie;48;62
Lubniewice;Lubuskie;48;95
Lubnów;Dolnoœl¹skie;48;71
Lubochnia;£ódzkie;48;44
Lubojna;Œl¹skie;48;34
Lubomia;Œl¹skie;48;32
Lubomierz;Dolnoœl¹skie;48;75
Lubomino;Warmiñsko-mazurskie;48;89
Luboñ;Wielkopolskie;48;61
Luboszyce;Opolskie;48;77
Lubowidz;Mazowieckie;48;23
Lubraniec;Kujawsko-pomorskie;48;54
Lubsko;Lubuskie;48;68
Lubsza;Œl¹skie;48;34
Lubsza;Opolskie;48;77
Lubycza Królewska;Lubelskie;48;84
Ludwin;Lubelskie;48;81
LudŸmierz;Ma³opolskie;48;18
Lukta;Warmiñsko-mazurskie;48;89
Lutocin;Mazowieckie;48;24
Lutomiersk;£ódzkie;48;43
Lututów;£ódzkie;48;43
Luzino;Pomorskie;48;58
Lwówek;Wielkopolskie;48;61
Lwówek Œl¹ski;Dolnoœl¹skie;48;75
Lypnytsa;Podkarpackie;48;17
Maciejowice;Mazowieckie;48;25
Magnuszew;Mazowieckie;48;48
Majdan Królewski;Podkarpackie;48;15
Majdan Stary;Lubelskie;48;84
Majków Duzy;£ódzkie;48;44
M¹koszyce;Wielkopolskie;48;62
Maków;£ódzkie;48;46
Maków Mazowiecki;Mazowieckie;48;29
Maków Podhalañski;Ma³opolskie;48;33
Makowiec;Mazowieckie;48;48
Malanów;Wielkopolskie;48;63
Malbork;Pomorskie;48;55
Malczyce;Dolnoœl¹skie;48;71
Maldyty;Warmiñsko-mazurskie;48;89
Malechowo;Zachodniopomorskie;48;94
Malkina;Mazowieckie;48;69
Malkinia Górna;Mazowieckie;48;29
Maniowy;Ma³opolskie;48;18
Marcinkowice;Ma³opolskie;48;18
Marcinowice;Dolnoœl¹skie;48;74
Marciszów;Dolnoœl¹skie;48;75
Margonin;Wielkopolskie;48;67
Marianowo;Zachodniopomorskie;48;91
Marki;Mazowieckie;48;22
Markuszów;Lubelskie;48;81
Mark³owice;Œl¹skie;48;32
Maszewo;Zachodniopomorskie;48;91
Mas³ów;Œwiêtokrzyskie;48;41
Mas³owice;£ódzkie;48;44
Mazañcowice;Œl¹skie;48;33
Ma³a Karczma;Pomorskie;48;58
Ma³a Nieszawka;Kujawsko-pomorskie;48;56
Ma³a Wieœ;Mazowieckie;48;24
Ma³ogoszcz;Œwiêtokrzyskie;48;41
Ma³omice;Lubuskie;48;68
Mêcina;Ma³opolskie;48;18
Mêcinka;Dolnoœl¹skie;48;76
Medyka;Podkarpackie;48;16
Me³giew;Lubelskie;48;81
Miasteczko Krajenskie;Wielkopolskie;48;67
Miasteczko;Œl¹skie;48;32
Miastko;Pomorskie;48;59
Miastków Koœcielny;Mazowieckie;48;25
Miastkowo;Podlaskie;48;86
Micha³ów;Mazowieckie;48;22
Micha³owice;Ma³opolskie;48;12
Micha³owo;Podlaskie;48;85
Michów;Lubelskie;48;81
Miechów;Ma³opolskie;48;41
Miedziana Góra;Œwiêtokrzyskie;48;41
Miedzichowo;Wielkopolskie;48;95
Miedzno;Œl¹skie;48;34
Miedzyborów;Mazowieckie;48;46
Miedzyborz;Dolnoœl¹skie;48;62
Miedzybrodzie Bialskie;Œl¹skie;48;33
Miêdzychód;Wielkopolskie;48;95
Miêdzylesie;Dolnoœl¹skie;48;74
Miêdzyrzec Podlaski;Lubelskie;48;83
Miêdzyrzecz;Lubuskie;48;95
Miêdzyrzecze Górne;Œl¹skie;48;33
Miêdzyzdroje;Zachodniopomorskie;48;91
Miejsce Piastowe;Podkarpackie;48;13
Miejska Górka;Wielkopolskie;48;65
Miêkinia;Dolnoœl¹skie;48;71
Mielec;Podkarpackie;48;17
Mieleszyn;Wielkopolskie;48;61
Mielnik;Podlaskie;48;85
Mielno;Zachodniopomorskie;48;91
Mieroszów;Dolnoœl¹skie;48;74
Mierzecice;Œl¹skie;48;32
Mierzyn;Zachodniopomorskie;48;91
Mieœcisko;Wielkopolskie;48;61
Mieszkowice;Zachodniopomorskie;48;91
Mietków;Dolnoœl¹skie;48;71
Miêtna;Mazowieckie;48;25
Miko³ajki;Warmiñsko-mazurskie;48;87
Miko³ów;Œl¹skie;48;32
Mikstat;Wielkopolskie;48;4862
Milakowo;Warmiñsko-mazurskie;48;89
Milanów;Lubelskie;48;83
Milanówek;Mazowieckie;48;22
Milejczyce;Podlaskie;48;85
Milejów;Lubelskie;48;81
Milejowice;Mazowieckie;48;48
Milicz;Dolnoœl¹skie;48;71
Milom³yn;Warmiñsko-mazurskie;48;89
Milowka;Œl¹skie;48;33
Miñsk Mazowiecki;Mazowieckie;48;25
Mircze;Lubelskie;48;84
Mirków;Dolnoœl¹skie;48;71
Miros³awice;£ódzkie;48;43
Miros³awice;Dolnoœl¹skie;48;71
Miros³awiec;Zachodniopomorskie;48;67
Mirsk;Dolnoœl¹skie;48;75
Mirzec;Œwiêtokrzyskie;48;41
Miszewo;Pomorskie;48;58
Mi³ki;Warmiñsko-mazurskie;48;87
Mi³kowice;Dolnoœl¹skie;48;76
Mi³ob¹dz;Pomorskie;48;58
Mi³oradŸ;Pomorskie;48;55
Mi³oradzice;Dolnoœl¹skie;48;76
Mi³os³aw;Wielkopolskie;48;61
Mników;Ma³opolskie;48;12
Mniów;Œwiêtokrzyskie;48;41
Mniszew;Mazowieckie;48;48
Mniszków;£ódzkie;48;44
Modliborzyce;Lubelskie;48;15
Modlnica;Ma³opolskie;48;12
Mogielnica;Mazowieckie;48;48
Mogilany;Ma³opolskie;48;12
Mogilno;Kujawsko-pomorskie;48;52
Mogilno;Ma³opolskie;48;18
Mojusz;Pomorskie;48;58
Mokobody;Mazowieckie;48;25
Mokronos Dolny;Dolnoœl¹skie;48;71
Mokrsko;£ódzkie;48;43
Monki;Podlaskie;48;85
Mor¹g;Warmiñsko-mazurskie;48;89
Morawica;Œwiêtokrzyskie;48;41
Morawica;Ma³opolskie;48;12
Mordy;Mazowieckie;48;25
Moryñ;Zachodniopomorskie;48;91
Morzeszczyn;Pomorskie;48;58
Mosina;Wielkopolskie;48;61
Moszczenica;£ódzkie;48;44
Motycz;Lubelskie;48;81
Mr¹gowo;Warmiñsko-mazurskie;48;89
Mrocza;Kujawsko-pomorskie;48;52
Mroczeñ;Wielkopolskie;48;63
Mroków;Mazowieckie;48;22
Mrowla;Podkarpackie;48;17
Mrozy;Mazowieckie;48;25
Mrzezino;Pomorskie;48;58
Mscice;Zachodniopomorskie;48;94
Mœciwojów;Dolnoœl¹skie;48;76
Mstow;Œl¹skie;48;34
Mszana;Œl¹skie;48;32
Mszana Dolna;Ma³opolskie;48;18
Mszana Górna;Ma³opolskie;48;18
Mszczonów;Mazowieckie;48;46
Murów;Opolskie;48;77
Murowana Goœlina;Wielkopolskie;48;61
Murowaniec;£ódzkie;48;42
Murzasichle;Ma³opolskie;48;18
Muszyna;Ma³opolskie;48;18
Mykanów;Œl¹skie;48;34
Myœlakowice;Dolnoœl¹skie;48;75
Myœlêcinek;Kujawsko-pomorskie;48;52
Myœlenice;Ma³opolskie;48;12
Myœlibórz;Zachodniopomorskie;48;95
Myœlina;Opolskie;48;34
Myszków;Œl¹skie;48;34
Myszkow-Postep;Œl¹skie;48;34
Myszyniec;Mazowieckie;48;29
Mys³owice;Œl¹skie;48;32
M³awa;Mazowieckie;48;23
M³odzieszyn;Mazowieckie;48;46
M³ynary;Warmiñsko-mazurskie;48;55
M³ynarze;Mazowieckie;48;29
Nadarzyn;Mazowieckie;48;22
Nagawczyna;Podkarpackie;48;14
Nak³o;Kujawsko-pomorskie;48;52
Nak³o;Œl¹skie;48;32
Namys³ów;Opolskie;48;77
Narew;Podlaskie;48;85
Narewka;Podlaskie;48;85
Narzym;Warmiñsko-mazurskie;48;23
Nasielsk;Mazowieckie;48;23
Naterki;Warmiñsko-mazurskie;48;89
Nawojowa;Ma³opolskie;48;18
Na³êczów;Lubelskie;48;81
Nêdza;Œl¹skie;48;32
Nekla;Wielkopolskie;48;61
Nidzica;Warmiñsko-mazurskie;48;89
Nieborów;£ódzkie;48;46
Niechanowo;Wielkopolskie;48;61
Niechlów;Dolnoœl¹skie;48;65
Niechorze;Zachodniopomorskie;48;91
Niedaszów;Dolnoœl¹skie;48;67
Niedomice;Ma³opolskie;48;14
Niedrzwica Du¿a;Lubelskie;48;81
Niegos³awice;Lubuskie;48;68
Nieklan Wielki;Œwiêtokrzyskie;48;41
Niemce;Lubelskie;48;81
Niemcza;Dolnoœl¹skie;48;74
Niemodlin;Opolskie;48;77
Nienadówka;Podkarpackie;48;17
Niepolomice;Ma³opolskie;48;12
Nieporet;Mazowieckie;48;22
Niepruszewo;Wielkopolskie;48;61
Nieœwin;Œwiêtokrzyskie;48;41
Nieszawa;Kujawsko-pomorskie;48;54
Nieznañ;Zachodniopomorskie;48;91
Nisko;Podkarpackie;48;15
Nisko;Podkarpackie;48;15
Niwnica;Opolskie;48;77
Nochowo;Wielkopolskie;48;61
Nowa Brzeznica;£ódzkie;48;34
Nowa Dêba;Podkarpackie;48;15
Nowa Jastrz¹bka;Ma³opolskie;48;14
Nowa Ruda;Dolnoœl¹skie;48;74
Nowa Sarzyna;Podkarpackie;48;17
Nowa Sól;Lubuskie;48;68
Nowa Sucha;Mazowieckie;48;46
Nowa S³upia;Œwiêtokrzyskie;48;41
Nowa Wieœ;Œl¹skie;48;33
Nowa Wieœ;E³cka Warmiñsko-mazurskie;48;87
Nowa Wieœ;Lêborska Pomorskie;48;59
Nowa Wieœ;Wielka Kujawsko-pomorskie;48;52
Nowe;Kujawsko-pomorskie;48;52
Nowe Brzesko;Ma³opolskie;48;12
Nowe Chech³o;Œl¹skie;48;32
Nowe Iganie;Mazowieckie;48;25
Nowe Miasteczko;Lubuskie;48;68
Nowe Miasto;Lubawskie Warmiñsko-mazurskie;48;56
Nowe Miasto;n. Pilic¹ Mazowieckie;48;48
Nowe Miasto;n. Wart¹ Wielkopolskie;48;61
Nowe n.;Wis³¹ Kujawsko-pomorskie;48;52
Nowe Proboszczewice;Mazowieckie;48;24
Nowe Ska³mierzyce;Wielkopolskie;48;62
Nowe Warpno;Zachodniopomorskie;48;91
Nowe Worowo;Zachodniopomorskie;48;94
Nowiny;Œwiêtokrzyskie;48;41
Nowogard;Zachodniopomorskie;48;91
Nowogród;Podlaskie;48;86
Nowogród Bobrzañski;Lubuskie;48;68
Nowogródek Pomorski;Zachodniopomorskie;48;95
Nowogrodziec;Dolnoœl¹skie;48;75
Nowy Duninów;Mazowieckie;48;24
Nowy Dwór;Podlaskie;48;85
Nowy Dwór;Gdañski Pomorskie;48;55
Nowy Dwór;Mazowiecki Mazowieckie;48;22
Nowy Kawêczyn;£ódzkie;48;46
Nowy Korczyn;Œwiêtokrzyskie;48;41
Nowy Majdan;Lubelskie;48;84
Nowy S¹cz;Ma³opolskie;48;18
Nowy Staw;Pomorskie;48;55
Nowy Targ;Ma³opolskie;48;18
Nowy Tomyœl;Wielkopolskie;48;61
Nowy Wiœnicz;Ma³opolskie;48;14
Nowy ¯migród;Podkarpackie;48;13
No¿ynko;Pomorskie;48;59
Nur;Mazowieckie;48;86
Nurzec Stacja;Podlaskie;48;85
Nysa;Opolskie;48;77
Oborniki;Wielkopolskie;48;61
Oborniki Œl¹skie;Dolnoœl¹skie;48;71
Obrzycko;Wielkopolskie;48;61
Obsza;Lubelskie;48;84
Ochotnica Dolna;Ma³opolskie;48;18
Odolanów;Wielkopolskie;48;62
Odrzywol;Mazowieckie;48;48
Ogrodzieniec;Œl¹skie;48;32
Ojrzeñ;Mazowieckie;48;23
Okonek;Wielkopolskie;48;67
Oksa;Œwiêtokrzyskie;48;41
Olecko;Warmiñsko-mazurskie;48;87
Oleœnica;Dolnoœl¹skie;48;71
Olesno;Ma³opolskie;48;14
Olesno;Opolskie;48;34
Oleszna;Dolnoœl¹skie;48;74
Oleszyce;Podkarpackie;48;16
Olkusz;Ma³opolskie;48;32
Olszewo Borki;Mazowieckie;48;29
Olsztyn;Warmiñsko-mazurskie;48;89
Olsztyn;Œl¹skie;48;34
Olsztynek;Warmiñsko-mazurskie;48;89
Olszyna;Dolnoœl¹skie;48;68
Opalenica;Wielkopolskie;48;61
Opalenie;Pomorskie;48;58
Opatów;Œl¹skie;48;34
Opatów;Œwiêtokrzyskie;48;15
Opatów;Wielkopolskie;48;62
Opatówek;Wielkopolskie;48;62
Opatowiec;Œwiêtokrzyskie;48;41
Opinogora;Mazowieckie;48;23
Opoczno;£ódzkie;48;44
Opole;Opolskie;48;77
Opole;Lubelskie;48;81
Orchowo;Wielkopolskie;48;63
Orla;Podlaskie;48;85
Orle;Pomorskie;48;58
Orneta;Warmiñsko-mazurskie;48;55
Ornontowice;Œl¹skie;48;32
Oroñsko;Mazowieckie;48;48
Orzech;Œl¹skie;48;32
Orzesze;Œl¹skie;48;32
Orzysz;Warmiñsko-mazurskie;48;87
Oœcis³owo;Mazowieckie;48;23
Osie;Kujawsko-pomorskie;48;52
Osieciny;Kujawsko-pomorskie;48;54
Osieck;Mazowieckie;48;22
Osieczna;Pomorskie;48;58
Osieczna;Wielkopolskie;48;65
Osiecznica;Dolnoœl¹skie;48;75
Osiek;Œwiêtokrzyskie;48;56
Osiek;Ma³opolskie;48;33
Osiek Ma³y;Wielkopolskie;48;63
Osiek nad;Wis³¹ Kujawsko-pomorskie;48;56
Osielec;Ma³opolskie;48;18
Osielsko;Kujawsko-pomorskie;48;52
Osina;Zachodniopomorskie;48;91
Osjakow;£ódzkie;48;43
Osno Lubuskie;Lubuskie;48;95
Osowiec;Opolskie;48;77
Ostaszewo;Pomorskie;48;55
Ostróda;Warmiñsko-mazurskie;48;89
Ostromecko;Kujawsko-pomorskie;48;52
Ostroróg;Wielkopolskie;48;61
Ostroszowice;Dolnoœl¹skie;48;74
Ostrów;Podkarpackie;48;17
Ostrów Lubelski;Lubelskie;48;81
Ostrów Mazowiecka;Mazowieckie;48;29
Ostrów Wielkopolski;Wielkopolskie;48;62
Ostrówek;Mazowieckie;48;29
Ostrówek Wêgrowski;Mazowieckie;48;25
Ostrowice;Zachodniopomorskie;48;94
Ostrowiec;Zachodniopomorskie;48;94
Ostrowiec Œwiêtokrzyski;Œwiêtokrzyskie;48;41
Ostrowite;Wielkopolskie;48;63
Ostrowy n.;Oksz¹ Œl¹skie;48;34
Ostro³êka;Mazowieckie;48;29
Ostrzeszów;Wielkopolskie;48;62
Osuchów;Mazowieckie;48;46
Oœwiêcim;Ma³opolskie;48;33
Otmuchów;Opolskie;48;77
Otrêbusy;Mazowieckie;48;22
Otwock;Mazowieckie;48;22
Otyn;Lubuskie;48;68
Owinska;Wielkopolskie;48;61
O¿arów;Œwiêtokrzyskie;48;15
O¿arów Mazowiecki;Mazowieckie;48;22
O¿arowice;Œl¹skie;48;32
Ozimek;Opolskie;48;77
Ozorków;£ódzkie;48;42
O³awa;Dolnoœl¹skie;48;71
O³piny;Ma³opolskie;48;14
Pabianice;£ódzkie;48;42
Pacyna;Mazowieckie;48;24
Paczków;Opolskie;48;77
Paczkowo;Wielkopolskie;48;61
Padew Narodowa;Podkarpackie;48;15
Pajeczno;£ódzkie;48;34
Pakosc;Kujawsko-pomorskie;48;52
Pakos³aw;Wielkopolskie;48;65
Pakos³awice;Opolskie;48;77
Palowice;Œl¹skie;48;32
Panki;Œl¹skie;48;34
Papowo Biskupie;Kujawsko-pomorskie;48;56
Paprotnia;Mazowieckie;48;25
Paradyz;£ódzkie;48;44
Parchowo;Pomorskie;48;59
Parczew;Lubelskie;48;83
Parowa;Dolnoœl¹skie;48;75
Parszów;Œwiêtokrzyskie;48;41
Parysów;Mazowieckie;48;25
Parzeczew;£ódzkie;48;42
Parznice;Mazowieckie;48;48
Parzymiechy;Œl¹skie;48;34
Pasym;Warmiñsko-mazurskie;48;89
Pas³êk;Warmiñsko-mazurskie;48;55
Paterek;Kujawsko-pomorskie;48;52
P¹tnów;£ódzkie;48;43
Pawe³ki;Œl¹skie;48;34
Pawonków;Œl¹skie;48;34
Paw³ów;Œwiêtokrzyskie;48;41
Paw³owek;Kujawsko-pomorskie;48;52
Paw³owice;Œl¹skie;48;32
Paw³owiczki;Opolskie;48;77
Pa³êdzie;Wielkopolskie;48;61
Pcim;Ma³opolskie;48;12
Peczniew;£ódzkie;48;43
Pêgów;Dolnoœl¹skie;48;71
Pelplin;Pomorskie;48;58
Pepowo;Wielkopolskie;48;65
Perzów;Wielkopolskie;48;62
Pêzino;Zachodniopomorskie;48;91
Pe³czyce;Zachodniopomorskie;48;95
Piaseczno;Mazowieckie;48;22
Piaseczno;Mazowieckie;48;22
Piaski;Lubelskie;48;81
Piaski;Lubelskie;48;81
Piastoszyn;Kujawsko-pomorskie;48;22
Piastów;Mazowieckie;48;22
Pi¹tek;£ódzkie;48;24
Pi¹tnica;Podlaskie;48;86
Piechcin;Kujawsko-pomorskie;48;52
Piechowice;Dolnoœl¹skie;48;75
Piecki;Warmiñsko-mazurskie;48;89
Piekary Œl¹skie;Œl¹skie;48;32
Piekielnik;Ma³opolskie;48;18
Piekoszów;Œwiêtokrzyskie;48;41
Pieniê¿no;Warmiñsko-mazurskie;48;55
Pieñsk;Dolnoœl¹skie;48;75
Pierzchnica;Œwiêtokrzyskie;48;41
Pieszyce;Dolnoœl¹skie;48;74
Piêtno;Wielkopolskie;48;63
Pietrowice Wielkie;Œl¹skie;48;32
Pietrzykowice;Œl¹skie;48;33
Pilawa;Mazowieckie;48;25
Pilawa Dolna;Dolnoœl¹skie;48;74
Pilawa Górna;Dolnoœl¹skie;48;74
Pilchowice;Œl¹skie;48;32
Pilica;Œl¹skie;48;32
Pilzno;Podkarpackie;48;14
Piñczów;Œwiêtokrzyskie;48;41
Pinczyn;Pomorskie;48;58
Pionki;Mazowieckie;48;48
Piotrków Kujawski;Kujawsko-pomorskie;48;54
Piotrków Trybunalski;£ódzkie;48;44
Pisarzowice;Opolskie;48;77
Pisarzowice k.;Bielska Bia³ej Œl¹skie;48;33
Pisz;Warmiñsko-mazurskie;48;87
Piszczac;Lubelskie;48;83
Piwniczna;Ma³opolskie;48;18
Pi³a;Wielkopolskie;48;67
Pleszew;Wielkopolskie;48;62
Plewiska;Wielkopolskie;48;61
Pludry;Opolskie;48;34
Pniewo;Podlaskie;48;86
Pniewy;Wielkopolskie;48;61
Pobiedziska;Wielkopolskie;48;61
Poczesna;Œl¹skie;48;34
Poddêbice;£ódzkie;48;43
Podegrodzie;Ma³opolskie;48;18
Podgorzyn;Dolnoœl¹skie;48;75
Podkowa Leœna;Mazowieckie;48;22
Podzamcze;Œwiêtokrzyskie;48;41
Pod³ê¿e;Ma³opolskie;48;12
Pogódki;Pomorskie;48;58
Pogorzela;Wielkopolskie;48;65
Pogwizdów;Œl¹skie;48;33
Pokrzywnica;Mazowieckie;48;23
Polajewo;Wielkopolskie;48;67
Polanica Zdrój;Dolnoœl¹skie;48;74
Polanka Wielka;Ma³opolskie;48;33
Polanów;Zachodniopomorskie;48;94
Police;Zachodniopomorskie;48;91
Policzna;Mazowieckie;48;48
Polkowice;Dolnoœl¹skie;48;76
Polska Cerekiew;Opolskie;48;77
Pomiechowek;Mazowieckie;48;22
Pomieczyno;Pomorskie;48;58
Poniatowa;Lubelskie;48;81
Poniec;Wielkopolskie;48;65
Popielów;Opolskie;48;77
Popów;Œl¹skie;48;34
Popówko;Wielkopolskie;48;61
Popowo Koœcielne;Wielkopolskie;48;61
Por¹bka;Œl¹skie;48;33
Por¹bka Iwkowska;Ma³opolskie;48;14
Poraj;Œl¹skie;48;34
Porêba;Œl¹skie;48;32
Poronin;Ma³opolskie;48;18
Poœwiêtne;Mazowieckie;48;25
Poœwiêtne;£ódzkie;48;44
Potêgowo;Pomorskie;48;59
Potok Górny;Lubelskie;48;84
Potulice;Kujawsko-pomorskie;48;52
Powidz;Wielkopolskie;48;63
Pozezdrze;Warmiñsko-mazurskie;48;87
Poznañ;Wielkopolskie;48;61
Po³aniec;Œwiêtokrzyskie;48;15
Po³chowo;Pomorskie;48;58
Po³czyn Zdrój;Zachodniopomorskie;48;94
Prabuty;Pomorskie;48;55
Praszka;Opolskie;48;34
Prazmów;Mazowieckie;48;22
Prochowice;Dolnoœl¹skie;48;76
Promna;Mazowieckie;48;48
Prostki;Warmiñsko-mazurskie;48;87
Proszków;Opolskie;48;77
Proszowice;Ma³opolskie;48;12
Pruchnik;Podkarpackie;48;16
Prudnik;Opolskie;48;77
Prusice;Dolnoœl¹skie;48;71
Prusy;Dolnoœl¹skie;48;71
Pruszcz;Kujawsko-pomorskie;48;52
Pruszcz Gdañski;Pomorskie;48;58
Pruszków;Mazowieckie;48;22
Pruzmierowo;Wielkopolskie;48;61
Przasnysz;Mazowieckie;48;29
Przechlewo;Pomorskie;48;59
Przeciszów;Ma³opolskie;48;33
Przec³aw;Zachodniopomorskie;48;91
Przec³aw;Podkarpackie;48;91
Przedbórz;£ódzkie;48;44
Przedecz;Wielkopolskie;48;63
Przemet;Wielkopolskie;48;65
Przemków;Dolnoœl¹skie;48;76
Przemyœl;Podkarpackie;48;16
Przerós³;Podlaskie;48;87
Przesiadlów;£ódzkie;48;44
Przesmyki;Mazowieckie;48;25
Przeworno;Dolnoœl¹skie;48;74
Przeworsk;Podkarpackie;48;16
Przewoz;Lubuskie;48;68
Przewrotne;Podkarpackie;48;17
PrzeŸmierowo;Wielkopolskie;48;61
Przodkowo;Pomorskie;48;58
Przybiernów;Zachodniopomorskie;48;91
Przyborów;Œl¹skie;48;33
Przybys³awice;Ma³opolskie;48;12
Przygodzice;Wielkopolskie;48;61
PrzyjaŸñ;Pomorskie;48;58
Przykona;Wielkopolskie;48;63
Przylep;Lubuskie;48;68
Przyrów;Œl¹skie;48;34
Przysiek;Kujawsko-pomorskie;48;56
Przysieki;Podkarpackie;48;13
Przystajn;Œl¹skie;48;34
Przysucha;Mazowieckie;48;48
Przyszowa;Ma³opolskie;48;18
Przyszowice;Œl¹skie;48;32
Przytoczna;Lubuskie;48;95
Przytu³y;Podlaskie;48;86
Przytyk;Mazowieckie;48;48
PrzywidŸ;Pomorskie;48;58
Przywory;Opolskie;48;77
Przy³êk;Podkarpackie;48;17
Przy³êk;Mazowieckie;48;22
Psary;Œl¹skie;48;32
Pstr¹gowa;Podkarpackie;48;17
Pszczew;Lubuskie;48;95
Pszczó³ki;Pomorskie;48;58
Pszczyna;Œl¹skie;48;32
Pszenno;Dolnoœl¹skie;48;74
Pszów;Œl¹skie;48;32
Puchaczów;Lubelskie;48;81
Puck;Pomorskie;48;58
Puñsk;Podlaskie;48;87
Pustelnik;Mazowieckie;48;25
Pustków;Podkarpackie;48;14
Puszczykowo;Wielkopolskie;48;61
Pu³awy;Lubelskie;48;81
Pu³tusk;Mazowieckie;48;23
Pyasky;£ódzkie;48;77
Pyrzowice;Œl¹skie;48;32
Pyrzyce;Zachodniopomorskie;48;91
Pyskowice;Œl¹skie;48;32
Pysznica;Podkarpackie;48;15
Pyzdry;Wielkopolskie;48;63
P³awce;Wielkopolskie;48;61
P³ochocin;Mazowieckie;48;22
P³ock;Mazowieckie;48;24
P³oñsk;Mazowieckie;48;23
P³oskinia;Warmiñsko-mazurskie;48;55
P³oœnica;Warmiñsko-mazurskie;48;23
P³oty;Zachodniopomorskie;48;91
P³u¿nica;Kujawsko-pomorskie;48;56
Rabka;Ma³opolskie;48;18
Rachanie;Lubelskie;48;84
Raci¹¿;Mazowieckie;48;23
Raci¹¿ek;Kujawsko-pomorskie;48;54
Racibórz;Œl¹skie;48;32
Raciechowice;Ma³opolskie;48;12
Raczki;Podlaskie;48;87
Radgoszcz;Ma³opolskie;48;14
Radków;Dolnoœl¹skie;48;74
Radlin;Œl¹skie;48;32
Radom;Mazowieckie;48;48
Radomin;Kujawsko-pomorskie;48;56
Radomsko;Œl¹skie;48;44
Radomsko;£ódzkie;48;44
Radomyœl;Podkarpackie;48;15
Radomyœl Wielki;Podkarpackie;48;17
Radoszki;Kujawsko-pomorskie;48;56
Radoszyce;Œwiêtokrzyskie;48;41
Radunica;Pomorskie;48;58
Radwianice;Dolnoœl¹skie;48;76
Radymno;Podkarpackie;48;16
Radzanowo;Mazowieckie;48;24
Radziejów;Kujawsko-pomorskie;48;54
Radziejowice;Mazowieckie;48;46
Radzionków;Œl¹skie;48;32
Radziszewo;Zachodniopomorskie;48;91
Radziszów;Ma³opolskie;48;12
Radzi³ów;Podlaskie;48;86
Radzymin;Mazowieckie;48;22
Radzyn Che³miñski;Kujawsko-pomorskie;48;58
Radzyn Podlaski;Lubelskie;48;83
Rajbrot;Ma³opolskie;48;14
Rajcza;Œl¹skie;48;33
Rajgród;Podlaskie;48;86
Rakoniewice;Wielkopolskie;48;61
Raków;Œwiêtokrzyskie;48;41
Raków Du¿y;£ódzkie;48;44
Rakszawa;Podkarpackie;48;17
Raszków;Wielkopolskie;48;62
Raszyn;Mazowieckie;48;22
Raszyn;Mazowieckie;48;22
Rawa Mazowiecka;£ódzkie;48;46
Rawicz;Wielkopolskie;48;65
Ra?ula;Lubuskie;48;68
Rêcz;Zachodniopomorskie;48;95
Rêczno;£ódzkie;48;44
Reda;Pomorskie;48;58
Rêdziny;Œl¹skie;48;34
Regu³y;Mazowieckie;48;22
Rejowiec;Lubelskie;48;82
Rejowiec Fabryczny;Lubelskie;48;82
Reñska Wieœ;Opolskie;48;77
Repki;Mazowieckie;48;25
Resko;Zachodniopomorskie;48;91
Reszel;Warmiñsko-mazurskie;48;89
Rewal;Zachodniopomorskie;48;91
Rogów;£ódzkie;48;46
Rogów Sobocki;Dolnoœl¹skie;48;71
Rogowiec;£ódzkie;48;44
Rogowo;Kujawsko-pomorskie;48;52
RogoŸno Wlkp.;Wielkopolskie;48;67
Rojewo;Kujawsko-pomorskie;48;52
Rokiciny;£ódzkie;48;44
Rokietnica;Wielkopolskie;48;61
Ropczyce;Podkarpackie;48;17
Rosciszewo;Mazowieckie;48;24
Rossosz;Lubelskie;48;83
Rotmanka;Pomorskie;48;58
Równe;Podkarpackie;48;13
Rozan;Mazowieckie;48;29
Ró¿an;Mazowieckie;48;22
Rozdra¿ew;Wielkopolskie;48;62
Rozhvyenitsa;Podkarpackie;48;16
Rozogi;Warmiñsko-mazurskie;48;29
Rozprza;£ódzkie;48;44
Roztoka;Dolnoœl¹skie;48;74
Ró¿yny;Pomorskie;48;58
Ruciane-Nida;Warmiñsko-mazurskie;48;87
Ruda;Podkarpackie;48;14
Ruda Meleniecka;Œwiêtokrzyskie;48;41
Ruda Œl¹ska;Œl¹skie;48;32
Ruda-Huta;Lubelskie;48;82
Rudawa;Ma³opolskie;48;12
Rudka;Podlaskie;48;85
Rudna;Dolnoœl¹skie;48;76
Rudnik;Podkarpackie;48;15
Rudniki;Zachodniopomorskie;48;95
Rudniki;Opolskie;48;34
Rudzica;Œl¹skie;48;33
Rudziczka;Œl¹skie;48;32
Rudziniec;Œl¹skie;48;32
Rumia;Pomorskie;48;58
Rurzyce;Zachodniopomorskie;48;91
Rusiec;£ódzkie;48;43
Rusinow;Mazowieckie;48;48
Rusocin;Pomorskie;48;58
Rutka-Tartak;Podlaskie;48;87
Rutki;Podlaskie;48;86
Rybarzowice;Œl¹skie;48;33
Rybna;Ma³opolskie;48;12
Rybnik;Œl¹skie;48;32
Rybno;Warmiñsko-mazurskie;48;23
Rybno;Mazowieckie;48;46
Rychtal;Wielkopolskie;48;62
Rychwal;Wielkopolskie;48;63
Ryczywol;Wielkopolskie;48;67
Rydultowy;Œl¹skie;48;32
Rydzyna;Wielkopolskie;48;65
Ryglice;Ma³opolskie;48;14
Ryjewo;Pomorskie;48;55
Ryki;Lubelskie;48;81
Ryman;Zachodniopomorskie;48;94
Rymanów;Podkarpackie;48;13
Ryn;Warmiñsko-mazurskie;48;87
Ryñsk;Kujawsko-pomorskie;48;56
Rypin;Kujawsko-pomorskie;48;54
Rytel;Pomorskie;48;52
Rytro;Ma³opolskie;48;18
Rz¹ska;Ma³opolskie;48;12
Rzasnia;£ódzkie;48;44
Rzasnik;Mazowieckie;48;29
Rzeczenica;Pomorskie;48;59
Rzêczkowo;Kujawsko-pomorskie;48;56
Rzeczyca;£ódzkie;48;44
Rzeki Ma³e;Œl¹skie;48;34
Rzekun;Mazowieckie;48;29
Rzemieñ;Podkarpackie;48;17
Rzepin;Lubuskie;48;95
Rzeszów;Podkarpackie;48;17
Rzewnie;Mazowieckie;48;29
Rzezawa;Ma³opolskie;48;14
Rzezawa;Ma³opolskie;48;14
Rzgów;£ódzkie;48;42
Rzuców;Mazowieckie;48;48
Sabnie;Mazowieckie;48;25
Sadki;Kujawsko-pomorskie;48;52
Sadlno;Wielkopolskie;48;63
Sadowie;Œwiêtokrzyskie;48;15
S¹downe;Mazowieckie;48;25
Samborzec;Œwiêtokrzyskie;48;15
Sandomierz;Œwiêtokrzyskie;48;15
Sanniki;Mazowieckie;48;24
Sanok;Podkarpackie;48;13
Santok;Lubuskie;48;95
Sarbinowo;Wielkopolskie;48;61
Sarnaki;Mazowieckie;48;83
Sarnów;Œl¹skie;48;32
Sawin;Lubelskie;48;82
Scinawa;Dolnoœl¹skie;48;76
Secemin;Œwiêtokrzyskie;48;34
Sedziejowice;£ódzkie;48;43
Sêdziszów;Œwiêtokrzyskie;48;41
Sêdziszów Ma³opolski;Podkarpackie;48;17
Sejny;Podlaskie;48;87
Sêkocin Stary;Mazowieckie;48;22
Sêkowa;Ma³opolskie;48;18
Sêpólno Krajeñskie;Kujawsko-pomorskie;48;52
Sepopol;Warmiñsko-mazurskie;48;89
Serock;Mazowieckie;48;22
Serock;Kujawsko-pomorskie;48;52
Serokomla;Lubelskie;48;25
Sianów;Zachodniopomorskie;48;94
Sicieñko;Kujawsko-pomorskie;48;52
Sidra;Podlaskie;48;85
Sidzina;Ma³opolskie;48;18
Siechnice;Dolnoœl¹skie;48;71
Sieciechów;Mazowieckie;48;48
Siedlce;Mazowieckie;48;25
Siedlec;Wielkopolskie;48;68
Siedlisko;Lubuskie;48;68
Siedliszcze;Lubelskie;48;82
Siemianowice Œl¹skie;Œl¹skie;48;32
Siemiatycze;Podlaskie;48;85
Siemieñ;Lubelskie;48;83
Siemkowice;£ódzkie;48;43
Siemyœl;Zachodniopomorskie;48;94
Sieniawa;Podkarpackie;48;16
Sieniawka;Dolnoœl¹skie;48;71
Siennica;Mazowieckie;48;25
Sienno;Mazowieckie;48;48
Siepraw;Ma³opolskie;48;12
Sieradz;£ódzkie;48;43
Sieraków;Wielkopolskie;48;61
Sieraków Wielkopolski;Wielkopolskie;48;61
Sierakowice;Pomorskie;48;58
Sieroszewice;Wielkopolskie;48;62
Sierpc;Mazowieckie;48;24
Siewierz;Œl¹skie;48;32
Sikórz;Mazowieckie;48;24
Sitkowka;Œwiêtokrzyskie;48;41
Sitkowka-Nowiny;Œwiêtokrzyskie;48;41
Skala;Ma³opolskie;48;12
Skalbmierz;Œwiêtokrzyskie;48;41
Sk¹pe;Kujawsko-pomorskie;48;54
Sk¹pe;Lubuskie;48;68
Skarbimierz;Opolskie;48;77
Skarszewy;Pomorskie;48;58
Skaryszew;Mazowieckie;48;48
Skar¿ysko Kamienna;Œwiêtokrzyskie;48;41
Skarzysko Koœcielne;Œwiêtokrzyskie;48;41
Skawica;Ma³opolskie;48;33
Skawina;Ma³opolskie;48;12
Ska³mierzyce;Wielkopolskie;48;62
Skêpe;Kujawsko-pomorskie;48;54
Skierbieszów;Lubelskie;48;84
Skierniewice;£ódzkie;48;46
Skoczów;Œl¹skie;48;33
Skoki;Wielkopolskie;48;61
Skokowa;Dolnoœl¹skie;48;71
Skomlin;£ódzkie;48;43
Skopanie;Podkarpackie;48;15
Skórcz;Pomorskie;48;58
Skoroszyce;Opolskie;48;77
Skorzec;Mazowieckie;48;25
Skorzewo;Wielkopolskie;48;61
Skotniki;£ódzkie;48;44
Skowierzyn;Podkarpackie;48;15
Sko³yszyn;Podkarpackie;48;13
Skrwilno;Kujawsko-pomorskie;48;54
Skrzydlna;Ma³opolskie;48;18
Skrzyszów;Ma³opolskie;48;14
Skulsk;Wielkopolskie;48;63
Skwierzyna;Lubuskie;48;95
Slawatycze;Lubelskie;48;83
Œlemieñ;Œl¹skie;48;33
Slesin;Wielkopolskie;48;63
Œliwice;Kujawsko-pomorskie;48;52
Smardzewice;£ódzkie;48;44
Smardzów;Dolnoœl¹skie;48;71
Smêtowo Graniczne;Pomorskie;48;58
Œmigie³;Wielkopolskie;48;65
Smoldzino;Pomorskie;48;59
Sniadowo;Podlaskie;48;86
Œnietnica;Ma³opolskie;48;18
Sobienie-Jeziory;Mazowieckie;48;25
Sobków;Œwiêtokrzyskie;48;41
Sobolew;Mazowieckie;48;25
Sobota;Wielkopolskie;48;61
Sobótka;Dolnoœl¹skie;48;71
Sobowidz;Pomorskie;48;58
Sochaczew;Mazowieckie;48;46
Sochocin;Mazowieckie;48;23
Sokolniki;£ódzkie;48;62
Sokó³ka;Podlaskie;48;85
Soko³ów Ma³opolski;Ma³opolskie;48;17
Soko³ów Podlaski;Mazowieckie;48;41
Soko³y;Podlaskie;48;86
Solec Kujawski;Kujawsko-pomorskie;48;52
Solec;Mazowieckie;48;48
Solec-Zdrój;Œwiêtokrzyskie;48;41
Somonino;Pomorskie;48;58
Sompolno;Wielkopolskie;48;63
Soñsk;Mazowieckie;48;23
Sopot;Pomorskie;48;58
Sorkwity;Warmiñsko-mazurskie;48;89
Sosnicowice;Œl¹skie;48;32
Soœnie;Wielkopolskie;48;62
Sosno;Kujawsko-pomorskie;48;52
Sosnowica;Lubelskie;48;82
Sosnowiec;Œl¹skie;48;32
Spa³a;£ódzkie;48;44
Spytkowice;Ma³opolskie;48;33
Œrem;Wielkopolskie;48;61
Srock;£ódzkie;48;44
Œroda Œl¹ska;Dolnoœl¹skie;48;71
Œroda Wielkopolska;Wielkopolskie;48;61
Srokowo;Warmiñsko-mazurskie;48;89
Sromowce Ni¿ne;Ma³opolskie;48;18
Stadniki;Ma³opolskie;48;13
Stalowa Wola;Podkarpackie;48;15
Stanis³awów;Mazowieckie;48;34
Staporków;Œwiêtokrzyskie;48;41
Stara B³otnica;Mazowieckie;48;48
Stara Iwiczna;Mazowieckie;48;22
Stara Iwiczna;Mazowieckie;48;22
Stara Kamienica;Dolnoœl¹skie;48;75
Stara Kiszewa;Pomorskie;48;58
Starachowice;Œwiêtokrzyskie;48;41
Stare Babice;Mazowieckie;48;22
Stare Bogaczowice;Dolnoœl¹skie;48;74
Stare Bojanowo;Wielkopolskie;48;65
Stare Budkowice;Opolskie;48;77
Stare Czarnowo;Zachodniopomorskie;48;91
Stare Juchy;Warmiñsko-mazurskie;48;87
Stare Kurowo;Lubuskie;48;95
Stare Miasto;Wielkopolskie;48;63
Stare Pole;Pomorskie;48;55
Stargard Szczeciñski;Zachodniopomorskie;48;91
Starogard Gdañski;Pomorskie;48;58
Starowa Góra;£ódzkie;48;43
Starozrêby;Mazowieckie;48;24
Stary Cykarzew;Œl¹skie;48;34
Stary Dzików;Podkarpackie;48;16
Stary S¹cz;Ma³opolskie;48;18
Stary Targ;Pomorskie;48;55
Stary Toruñ;Kujawsko-pomorskie;48;56
Starzyno;Pomorskie;48;58
Staszów;Œwiêtokrzyskie;48;15
Stawiguda;Warmiñsko-mazurskie;48;89
Stawiski;Podlaskie;48;86
Stawiszyn;Wielkopolskie;48;62
Stefanowo;Mazowieckie;48;22
Stegna;Pomorskie;48;55
Stêpnica;Zachodniopomorskie;48;91
Sterdyn;Mazowieckie;48;25
Steszew;Wielkopolskie;48;61
Stê¿yca;Pomorskie;48;58
Stoczek;Mazowieckie;48;25
Stoczek £ukowski;Lubelskie;48;25
Stolno;Kujawsko-pomorskie;48;56
Stopnica;Œwiêtokrzyskie;48;41
Stoszowice;Dolnoœl¹skie;48;74
Strachówka;Mazowieckie;48;25
Straszyn;Pomorskie;48;58
Strawczyn;Œwiêtokrzyskie;48;41
Stromiec;Mazowieckie;48;48
Stronie Œl¹skie;Dolnoœl¹skie;48;74
Stró¿a;Lubelskie;48;71
Stró¿a;Lubuskie;48;81
Stró¿e;Ma³opolskie;48;18
Strumieñ;Œl¹skie;48;33
Stryków;£ódzkie;48;42
Stryszów;Ma³opolskie;48;33
Strza³kowo;Wielkopolskie;48;63
Strzebielino;Pomorskie;48;58
Strzegom;Dolnoœl¹skie;48;74
Strzêgowo;Mazowieckie;48;23
Strzelce;£ódzkie;48;24
Strzelce Krajeñskie;Lubuskie;48;95
Strzelce Opolskie;Opolskie;48;77
Strzelce Wielkie;£ódzkie;48;34
Strzeleczki;Opolskie;48;77
Strzelin;Dolnoœl¹skie;48;71
Strzelno;Kujawsko-pomorskie;48;52
Strzy¿ewice;Lubelskie;48;81
Strzy¿ów;Podkarpackie;48;17
Stubno;Podkarpackie;48;16
Studzienice;Pomorskie;48;59
Studzienice;Œl¹skie;48;32
Stupsk;Mazowieckie;48;23
Subkowy;Pomorskie;48;58
Sucha Beskidzka;Ma³opolskie;48;33
Suchañ;Zachodniopomorskie;48;91
Suchedniów;Œwiêtokrzyskie;48;41
Suchowola;Podlaskie;48;85
Suchozebry;Mazowieckie;48;25
Suchy Bór;Opolskie;48;77
Suchy D¹b;Pomorskie;48;58
Suchy Las;Wielkopolskie;48;61
Sulechów;Lubuskie;48;68
Sulecin;Lubuskie;48;95
Suleczyno;Pomorskie;48;58
Sulejów;£ódzkie;48;44
Sulejówek;Mazowieckie;48;22
Sulików;Dolnoœl¹skie;48;75
Sulimów;Dolnoœl¹skie;48;71
Sulmierzyce;£ódzkie;48;44
Supraœl;Podlaskie;48;85
Suraz;Podlaskie;48;85
Susiec;Lubelskie;48;84
Susz;Warmiñsko-mazurskie;48;55
Suszec;Œl¹skie;48;32
Suwa³ki;Podlaskie;48;87
Su³kowice;Ma³opolskie;48;12
Swadzim;Wielkopolskie;48;61
Swaro¿yn;Pomorskie;48;58
Swarzêdz;Wielkopolskie;48;61
Swêdów;£ódzkie;48;42
Œwiatniki Górne;Ma³opolskie;48;12
Œwidnica;Lubuskie;48;68
Œwidnica;Dolnoœl¹skie;48;74
Œwidnica;Lubuskie;48;68
Œwidnik;Lubelskie;48;81
Œwidwin;Zachodniopomorskie;48;94
Œwiebodzice;Dolnoœl¹skie;48;74
Œwiebodzin;Lubuskie;48;68
Œwiecie;Kujawsko-pomorskie;48;52
Œwiêciechowa;Wielkopolskie;48;65
Œwiêkatowo;Kujawsko-pomorskie;48;52
Œwieradów Zdrój;Dolnoœl¹skie;48;75
Œwiercze;Mazowieckie;48;23
Œwierczów;Opolskie;48;77
Œwierklaniec;Œl¹skie;48;32
Œwierzawa;Dolnoœl¹skie;48;75
Œwierzno;Pomorskie;48;59
Œwierzowa;Podkarpackie;48;13
Œwieszyno;Zachodniopomorskie;48;94
Œwiêta Katarzyna;Dolnoœl¹skie;48;71
Œwiêtajno;Warmiñsko-mazurskie;48;89
Œwiêtoch³owice;Œl¹skie;48;32
Œwiêtoszówka;Œl¹skie;48;33
Œwilcza;Podkarpackie;48;17
Œwinna;Œl¹skie;48;33
Œwinoujœcie;Zachodniopomorskie;48;91
Syców;Dolnoœl¹skie;48;62
Sypniewo;Wielkopolskie;48;67
Syrynia;Œl¹skie;48;32
Szadek;£ódzkie;48;43
Szaflary;Ma³opolskie;48;18
Szalowa;Ma³opolskie;48;18
Szamocin;Wielkopolskie;48;67
Szczaniec;Lubuskie;48;68
Szczawno Zdrój;Dolnoœl¹skie;48;74
Szczebrzeszyn;Lubelskie;48;84
Szczecin;Zachodniopomorskie;48;91
Szczecinek;Zachodniopomorskie;48;94
Szczekociny;Œl¹skie;48;34
Szczerców;£ódzkie;48;44
Szczucin;Ma³opolskie;48;14
Szczucin;Ma³opolskie;48;14
Szczuczyn;Podlaskie;48;86
Szczurowa;Ma³opolskie;48;14
Szczyrk;Œl¹skie;48;33
Szczyrzyc;Ma³opolskie;48;18
Szczytna;Dolnoœl¹skie;48;74
Szczytniki;Wielkopolskie;48;62
Szczytno;Warmiñsko-mazurskie;48;89
Szemud;Pomorskie;48;58
Szklarska Porêba;Dolnoœl¹skie;48;75
Szlachcin;Wielkopolskie;48;61
Szlichtyngowa;Lubuskie;48;65
Szprotawa;Lubuskie;48;68
Sztabin;Podlaskie;48;87
Sztum;Pomorskie;48;55
Sztumskie Pole;Pomorskie;48;55
Sztutowo;Pomorskie;48;55
Szubin;Kujawsko-pomorskie;48;52
Szudzia³owo;Podlaskie;48;85
Szumowo;Podlaskie;48;86
Szu³borze Wielkie;Mazowieckie;48;86
Szyd³ów;Œwiêtokrzyskie;48;41
Szyd³owiec;Mazowieckie;48;48
Szyd³owiec;Mazowieckie;48;48
Szyd³owo;Mazowieckie;48;23
Szymbark;Ma³opolskie;48;18
Szymbark;Pomorskie;48;58
Szymiszów;Opolskie;48;77
Szypliszki;Podlaskie;48;87
S³aboszów;Ma³opolskie;48;41
S³awa;Lubuskie;48;68
S³awków;Œl¹skie;48;32
S³awków;Ma³opolskie;48;32
S³awno;Mazowieckie;48;48
S³awno;Zachodniopomorskie;48;59
S³awoborze;Zachodniopomorskie;48;94
S³omczyn;Mazowieckie;48;22
S³omniki;Ma³opolskie;48;12
S³oñsk;Lubuskie;48;95
S³otwina;Dolnoœl¹skie;48;74
S³ubice;Lubuskie;48;95
S³upca;Wielkopolskie;48;63
S³upia;Wielkopolskie;48;61
S³upno;Mazowieckie;48;24
S³upsk;Pomorskie;48;59
Tanowo;Zachodniopomorskie;48;91
Tarczyn;Mazowieckie;48;22
Targowiska;Podkarpackie;48;13
Tarnobrzeg;Podkarpackie;48;15
Tarnogród;Lubelskie;48;84
Tarnów;Ma³opolskie;48;14
Tarnów Opolski;Opolskie;48;77
Tarnowiec;Ma³opolskie;48;14
Tarnowiec;Podkarpackie;48;13
Tarnówka;Wielkopolskie;48;67
Tarnowo Podgórne;Wielkopolskie;48;61
Tarnowskie Góry;Œl¹skie;48;32
Tar³ów;Œwiêtokrzyskie;48;15
Tczew;Pomorskie;48;58
Tczewskie £¹ki;Pomorskie;48;58
Têgoborze;Ma³opolskie;48;18
Tenczynek;Ma³opolskie;48;12
Teresin;Mazowieckie;48;46
Terespol;Lubelskie;48;83
Tereszpol;Lubelskie;48;84
Tomaszów Boles³awiecki;Dolnoœl¹skie;48;75
Tomaszów Lubelski;Lubelskie;48;84
Tomaszów Mazowiecki;£ódzkie;48;44
Tomaszowek;£ódzkie;48;44
Tomaszowice;Lubelskie;48;81
Topólka;Kujawsko-pomorskie;48;54
Toruñ;Kujawsko-pomorskie;48;56
Torzym;Lubuskie;48;68
Toszek;Œl¹skie;48;32
To³kmicko;Warmiñsko-mazurskie;48;55
Tr¹bki Wielkie;Pomorskie;48;58
Trawniki;Lubelskie;48;81
Troszyn;Mazowieckie;48;29
Truskolasy;Œl¹skie;48;34
Truskolasy;Œl¹skie;48;34
Trzciana;Podkarpackie;48;17
Trzciana;Ma³opolskie;48;14
Trzcianka;Wielkopolskie;48;67
Trzcianne;Podlaskie;48;86
Trzciel;Lubuskie;48;95
Trzcinica;Wielkopolskie;48;62
Trzciñsko Zdrój;Zachodniopomorskie;48;91
Trzebiatów;Zachodniopomorskie;48;91
Trzebicz;Lubuskie;48;95
Trzebiechów;Lubuskie;48;68
Trzebiel;Lubuskie;48;68
Trzebinia;Ma³opolskie;48;32
Trzebnica;Dolnoœl¹skie;48;71
Trzebnica;Dolnoœl¹skie;48;71
Trzebownisko;Podkarpackie;48;17
Trzemeszno;Wielkopolskie;48;52
Trzyci¹¿;Ma³opolskie;48;12
Tuchola;Kujawsko-pomorskie;48;52
Tuchomie;Pomorskie;48;59
Tuchów;Ma³opolskie;48;14
Tuchowicz;Lubelskie;48;25
Tuczêpy;Œwiêtokrzyskie;48;41
Tuczno;Kujawsko-pomorskie;48;52
Tulce;Wielkopolskie;48;61
Tuliszków;Wielkopolskie;48;63
Tuplice;Lubuskie;48;68
Turawa;Opolskie;48;77
Turek;Wielkopolskie;48;63
Turobin;Lubelskie;48;84
Turosñ Koœcielna;Podlaskie;48;85
Turów;Mazowieckie;48;22
Turowo Pomorskie;Zachodniopomorskie;48;94
Turza Œl¹ska;Œl¹skie;48;32
Tuszów Narodowy;Podkarpackie;48;17
Tuszyn;£ódzkie;48;42
Tu³owice;Opolskie;48;77
Twardogóra;Dolnoœl¹skie;48;71
Tworków;Œl¹skie;48;32
Tworog;Œl¹skie;48;32
Tychowo;Zachodniopomorskie;48;94
Tyczyn;Podkarpackie;48;17
Tykocin;Podlaskie;48;85
Tylmanowa;Ma³opolskie;48;18
Tymbark;Ma³opolskie;48;18
Tymienica;Mazowieckie;48;48
Tymowa;Ma³opolskie;48;14
Tyrawa Wo³oska;Podkarpackie;48;13
Tyszowce;Lubelskie;48;84
T³uchowo;Kujawsko-pomorskie;48;54
T³uszcz;Mazowieckie;48;29
Uchanie;Lubelskie;48;84
Ujazd;£ódzkie;48;44
Ujœcie;Wielkopolskie;48;67
Ujso³y;Œl¹skie;48;33
Ulan-Majorat;Lubelskie;48;83
Uniejów;£ódzkie;48;63
Unis³aw;Kujawsko-pomorskie;48;56
Urszulewo;Kujawsko-pomorskie;48;54
Urzêdów;Lubelskie;48;81
Ustka;Pomorskie;48;59
Ustroñ;Œl¹skie;48;33
Ustronie Morskie;Zachodniopomorskie;48;94
Ustrzyki Dolne;Podkarpackie;48;13
U³anów;Podkarpackie;48;15
Wabrzezno;Kujawsko-pomorskie;48;56
W¹chock;Œwiêtokrzyskie;48;41
Wadowice;Ma³opolskie;48;33
Wadowice Górne;Podkarpackie;48;14
W¹dro¿e Wielkie;Dolnoœl¹skie;48;76
W¹glikowice;Pomorskie;48;58
W¹growiec;Wielkopolskie;48;67
Waksmund;Ma³opolskie;48;18
Walce;Opolskie;48;77
Waleñczów;Œl¹skie;48;34
Walim;Dolnoœl¹skie;48;74
Wapno;Wielkopolskie;48;67
Wargowo;Wielkopolskie;48;61
Warka;Mazowieckie;48;48
Warlubie;Kujawsko-pomorskie;48;52
Warnice;Zachodniopomorskie;48;91
Warszawa;Warszawa;48;22
Warszowice;Œl¹skie;48;32
Warta;£ódzkie;48;43
Wartkowice;£ódzkie;48;43
Wasewo;Mazowieckie;48;29
Wasilków;Podlaskie;48;85
Wasniów;Œwiêtokrzyskie;48;41
W¹sosz;Dolnoœl¹skie;48;65
W¹sosz Dolny;Œl¹skie;48;34
W¹wolnica;Lubelskie;48;81
Wa³brzych;Dolnoœl¹skie;48;74
Wa³cz;Zachodniopomorskie;48;67
Wêgierska Górka;Œl¹skie;48;33
Wêgliniec;Dolnoœl¹skie;48;75
Wêglowice;Œl¹skie;48;34
Wêgorzewo;Warmiñsko-mazurskie;48;87
Wêgorzyno;Zachodniopomorskie;48;91
Wêgrów;Mazowieckie;48;25
Wêgry;Opolskie;48;77
Wêgrzce;Ma³opolskie;48;12
Wejherowo;Pomorskie;48;58
Weso³a;Mazowieckie;48;22
Weso³a;Mazowieckie;48;22
Wetlina;Podkarpackie;48;13
Wi¹zów;Dolnoœl¹skie;48;71
Wi¹zowna;Mazowieckie;48;22
Widawa;£ódzkie;48;43
Widuchowa;Zachodniopomorskie;48;91
Widzino a;Pomorskie;48;59
Wiêcbork;Kujawsko-pomorskie;48;52
Wiechlice;Lubuskie;48;68
Wieczfnia-Kolonia;Mazowieckie;48;23
Wielbark;Warmiñsko-mazurskie;48;89
Wieleñ;Wielkopolskie;48;67
Wielgie;Kujawsko-pomorskie;48;54
Wielgom³yny;£ódzkie;48;44
Wielichowo;Wielkopolskie;48;61
Wieliczka;Ma³opolskie;48;12
Wieliczki;Warmiñsko-mazurskie;48;87
Wieliszew;Mazowieckie;48;22
Wielkie Oczy;Podkarpackie;48;16
Wielogóra;Mazowieckie;48;48
Wielog³owy;Ma³opolskie;48;18
Wielopole Skrzyñskie;Podkarpackie;48;17
Wielowieœ;Œl¹skie;48;32
Wieluñ;£ódzkie;48;43
Wieniawa;Mazowieckie;48;48
Wieniec;Kujawsko-pomorskie;48;54
Wieprz;Ma³opolskie;48;33
Wieruszów;£ódzkie;48;62
Wierzbica;Mazowieckie;48;82
Wierzbna;Dolnoœl¹skie;48;74
Wierzchos³awice;Ma³opolskie;48;14
Wierzchowiska;Lubelskie;48;81
Wierzchowo;Zachodniopomorskie;48;94
Wierzchucino;Pomorskie;48;58
Wierzch³as;£ódzkie;48;43
Wieszowa;Œl¹skie;48;32
Wijewo;Wielkopolskie;48;65
Wilamowice;Œl¹skie;48;33
Wilczyn;Wielkopolskie;48;63
Wilga;Mazowieckie;48;25
Wilkasy;Warmiñsko-mazurskie;48;87
Wilkowice;Œl¹skie;48;33
Wilkowisko;Ma³opolskie;48;18
Winnica;Mazowieckie;48;23
Winów;Opolskie;48;77
Winów;Opolskie;48;77
Wiñsko;Dolnoœl¹skie;48;71
Wiórek;Wielkopolskie;48;61
Wiry;Wielkopolskie;48;61
Wiskitki;Mazowieckie;48;46
Wiœlica;Œwiêtokrzyskie;48;41
Wiœniew;Mazowieckie;48;25
Wiœniowa;Ma³opolskie;48;12
Wisznia Ma³a;Dolnoœl¹skie;48;71
Wisznice;Lubelskie;48;83
Wis³a;Œl¹skie;48;33
Witaszyce;Wielkopolskie;48;62
Witkowo;Wielkopolskie;48;63
Witnica;Lubuskie;48;95
Witonia;£ódzkie;48;24
Witoszów Dolny;Dolnoœl¹skie;48;74
Witowo;Wielkopolskie;48;61
Wizajny;Podlaskie;48;85
Wizna;Podlaskie;48;86
Wlen;Dolnoœl¹skie;48;75
Wodzierady;£ódzkie;48;43
Wodzis³aw;Œwiêtokrzyskie;48;41
Wodzis³aw Œl¹ski;Œl¹skie;48;32
Wohyn;Lubelskie;48;83
Wojciechów;Opolskie;48;81
Wojcieszków;Lubelskie;48;25
Wojcieszów;Dolnoœl¹skie;48;75
Wojkowice;Œl¹skie;48;32
Wojnicz;Ma³opolskie;48;14
Wojs³awice;Lubelskie;48;82
Wola Ducka;Mazowieckie;48;22
Wola Kiêdrzyñska;Œl¹skie;48;34
Wola Krzysztoporska;£ódzkie;48;44
Wola Mrokowska;Mazowieckie;48;22
Wola Pra¿mowska;Mazowieckie;48;22
Wola Rani¿owska;Podkarpackie;48;17
Wola Rêbkowska;Mazowieckie;48;25
Wola Uhruska;Lubelskie;48;82
Wolanów;Mazowieckie;48;48
Wolborz;£ódzkie;48;44
Wolbrom;Œl¹skie;48;32
Wolbrom;Ma³opolskie;48;32
Wolczyn;Opolskie;48;77
Woliborz;Dolnoœl¹skie;48;74
Wolin;Zachodniopomorskie;48;91
Wólka Kosowska;Mazowieckie;48;22
Wólka Radzymiñska;Mazowieckie;48;22
Wólka Wieprzecka;Lubelskie;48;84
Wolow;Dolnoœl¹skie;48;71
Wolsztyn;Wielkopolskie;48;68
WoŸniki;Œl¹skie;48;34
Wo³omin;Mazowieckie;48;22
Wreczyca;Œl¹skie;48;34
Wreczyca Wielka;Œl¹skie;48;34
Wróblew;Mazowieckie;48;43
Wroc³aw;Dolnoœl¹skie;48;71
Wronki;Wielkopolskie;48;67
Wronki;Ma³opolskie;48;67
Wronowice;£ódzkie;48;43
Wrzeœnia;Wielkopolskie;48;61
Wrzeœnia;Wielkopolskie;48;61
Wrzosowa;Œl¹skie;48;34
Wrzosowo;Œl¹skie;48;34
Wschowa;Lubuskie;48;65
Wydminy;Warmiñsko-mazurskie;48;87
Wymiarki;Lubuskie;48;68
Wyry;Œl¹skie;48;32
Wyrzysk;Wielkopolskie;48;67
Wyœmierzyce;Mazowieckie;48;48
Wysoka;Wielkopolskie;48;67
Wysoka G³ogowska;Podkarpackie;48;17
Wysokie;Lubelskie;48;84
Wysokie Mazowieckie;Podlaskie;48;86
Wyszki;Podlaskie;48;85
Wyszków;Mazowieckie;48;29
Wyszogród;Mazowieckie;48;24
Wyszyny;Wielkopolskie;48;67
W³adys³awów;Wielkopolskie;48;63
W³adys³awowo;Pomorskie;48;58
W³oc³awek;Kujawsko-pomorskie;48;54
W³odawa;Lubelskie;48;82
W³odowice;Œl¹skie;48;34
W³osañ;Ma³opolskie;48;12
W³oszakowice;Wielkopolskie;48;65
W³oszczakowice;Wielkopolskie;48;65
W³oszczowa;Œwiêtokrzyskie;48;41
Z¹b;Ma³opolskie;48;18
¯abia Wola;Mazowieckie;48;46
Zabierzów;Ma³opolskie;48;12
Z¹bki;Mazowieckie;48;22
Z¹bkowice;Dolnoœl¹skie;48;74
Z¹bkowice Œl¹skie;Dolnoœl¹skie;48;74
Zabno;Ma³opolskie;48;14
¯abno;Ma³opolskie;48;14
Zabokliki;Mazowieckie;48;25
Zabór;Lubuskie;48;68
Zaborów;Mazowieckie;48;22
Zabrze;Œl¹skie;48;32
Zabrzeg;Œl¹skie;48;32
Zab³udów;Podlaskie;48;85
Zaczernie;Podkarpackie;48;17
Zadobrze;Mazowieckie;48;48
¯agañ;Lubuskie;48;68
Zagnañsk;Œwiêtokrzyskie;48;41
Zagorów;Wielkopolskie;48;63
Zagorz;Podkarpackie;48;13
ZagwiŸdzie;Opolskie;48;77
Zakliczyn;Ma³opolskie;48;14
Zaklikow;Podkarpackie;48;15
Zakopane;Ma³opolskie;48;18
Zakroczym;Mazowieckie;48;22
Zakrzew;Mazowieckie;48;84
Zakrzewo;Kujawsko-pomorskie;48;54
Zakrzewo;Wielkopolskie;48;61
Zakrzówek;Lubelskie;48;81
Zalesie;Lubelskie;48;83
Zalesie Górne;Mazowieckie;48;22
Zalewo;Warmiñsko-mazurskie;48;89
Zambrów;Podlaskie;48;86
Zamoœæ;Lubelskie;48;84
Zamoœæ;Kujawsko-pomorskie;48;52
Zamostne;Pomorskie;48;58
Zaniemyœl;Wielkopolskie;48;61
Zapolice;£ódzkie;48;43
¯arki;Œl¹skie;48;34
¯arki Letnisko;Œl¹skie;48;34
¯arnów;£ódzkie;48;44
¯arnowiec;Œl¹skie;48;32
¯arów;Dolnoœl¹skie;48;74
¯ary;Lubuskie;48;68
Zator;Ma³opolskie;48;33
Zawady;Podlaskie;48;86
Zawadzkie;Opolskie;48;77
Zawichost;Œwiêtokrzyskie;48;15
Zawidów;Dolnoœl¹skie;48;75
Zawidz;Mazowieckie;48;24
Zawiercie;Œl¹skie;48;32
Zawoja;Ma³opolskie;48;33
Zawonia;Dolnoœl¹skie;48;71
Za³ubice Stare;Mazowieckie;48;22
Zb¹szyn;Wielkopolskie;48;68
Zb¹szynek;Lubuskie;48;68
Zbiersk;Wielkopolskie;48;62
Zblewo;Pomorskie;48;58
Zbojna;Podlaskie;48;86
Zbros³awice;Œl¹skie;48;32
Zbuczyn Poduchowny;Mazowieckie;48;25
Zbydniów;Podkarpackie;48;15
Zduñska Wola;£ódzkie;48;43
Zduñska Wola;£ódzkie;48;43
Zduny;Wielkopolskie;48;62
Zdziarzec;Podkarpackie;48;14
Zdzieszowice;Opolskie;48;77
Zêbice;Dolnoœl¹skie;48;74
Zêbiec;Œwiêtokrzyskie;48;41
Zêbowice;Opolskie;48;77
Zêbrzydowice;Œl¹skie;48;32
¯egocina;Ma³opolskie;48;14
¯elazków;Wielkopolskie;48;62
Zelechlinek;£ódzkie;48;44
Zelechów;Mazowieckie;48;25
¯elistrzewo;Pomorskie;48;58
¯elis³awice;Œl¹skie;48;32
Zelów;£ódzkie;48;44
Zembrzyce;Ma³opolskie;48;33
Zerków;Wielkopolskie;48;62
¯ernica;Œl¹skie;48;32
Zgierz;£ódzkie;48;42
Zgorzelec;Dolnoœl¹skie;48;75
Zg³obice;Ma³opolskie;48;14
Zielina;Opolskie;48;77
Zielona Góra;Lubuskie;48;68
Zielonka;Mazowieckie;48;22
Zielonki;Ma³opolskie;48;12
linice;Opolskie;48;77
Zlotów;Wielkopolskie;48;67
¯migród;Dolnoœl¹skie;48;71
¯nin;Kujawsko-pomorskie;48;52
Zolynia;Podkarpackie;48;17
Zorawina;Dolnoœl¹skie;48;71
¯órawina;Dolnoœl¹skie;48;71
¯ory;Œl¹skie;48;32
¯ó³kiewka;Lubelskie;48;84
Zrecin;Podkarpackie;48;13
ród³a;Dolnoœl¹skie;48;71
¯ukowice;Dolnoœl¹skie;48;76
¯ukowo;Pomorskie;48;24
¯ukowo;Pomorskie;48;58
¯uraw;Œl¹skie;48;34
¯urawica;Podkarpackie;48;16
¯uromin;Mazowieckie;48;23
Zwierzyn;Lubuskie;48;95
Zwierzyniec;Lubelskie;48;84
Zwoleñ;Mazowieckie;48;48
¯ychlin;£ódzkie;48;24
¯ydowo;Wielkopolskie;48;61
¯yraków;Podkarpackie;48;14
¯yrardów;Mazowieckie;48;46
¯yrzyn;Lubelskie;48;81
¯ytkiejmy;Warmiñsko-mazurskie;48;87
¯ytna;Œl¹skie;48;32
¯ytno;£ódzkie;48;34
¯ywiec;Œl¹skie;48;33
Z³awieœ Wielka;Kujawsko-pomorskie;48;56
Z³ochowice;Œl¹skie;48;34
Z³ocieniec;Zachodniopomorskie;48;94
Z³oczew;£ódzkie;48;43
Z³otniki;Wielkopolskie;48;61
Z³otniki Kujawskie;Kujawsko-pomorskie;48;52
Z³otok³os;Mazowieckie;48;22
Z³otoria;Kujawsko-pomorskie;48;56
Z³otoryja;Dolnoœl¹skie;48;76
Z³oty Stok;Dolnoœl¹skie;48;74
